Date,Close,High,Low,Open,Volume,Stock
01-04-2024,745.7932739,748.940508,739.6955191,746.5309041,9949971,SBIN.NS
02-04-2024,753.7597046,756.0709218,740.9248917,745.6949361,15713063,SBIN.NS
03-04-2024,758.3330078,759.8574316,747.6128183,752.2844762,19136981,SBIN.NS
04-04-2024,746.7767944,762.5129052,745.5965741,762.2178651,15889530,SBIN.NS
05-04-2024,752.1369019,755.0382592,740.187269,745.4490669,9939620,SBIN.NS
08-04-2024,755.6283569,757.3003307,749.2355619,753.4154664,9797174,SBIN.NS
09-04-2024,751.5960083,759.7099405,748.5471008,755.7759128,7465892,SBIN.NS
10-04-2024,766.2010498,767.8238602,751.0550793,753.85805,14530669,SBIN.NS
12-04-2024,753.6613159,766.6436188,752.1860556,764.4307283,14408722,SBIN.NS
15-04-2024,745.0064697,750.7107977,736.4007844,747.2685236,11356572,SBIN.NS
16-04-2024,739.3021851,742.4494193,732.1225963,738.8595949,13338991,SBIN.NS
18-04-2024,732.5159302,747.4160838,729.7621228,739.6463552,14589648,SBIN.NS
19-04-2024,738.0727539,739.5971776,719.9762032,722.3858071,10886554,SBIN.NS
22-04-2024,753.4645996,756.3167936,738.0727529,741.7117404,17452186,SBIN.NS
23-04-2024,760.2508545,764.8733491,752.9237159,757.6445371,12292429,SBIN.NS
24-04-2024,760.3491821,765.6601436,757.4970481,765.6601436,7842615,SBIN.NS
25-04-2024,799.2960815,800.9680553,756.9561209,757.9396278,36732974,SBIN.NS
26-04-2024,788.0841064,803.4268509,785.7237258,802.4433439,14964358,SBIN.NS
29-04-2024,812.8684692,817.5401271,785.5269889,793.6900843,27302732,SBIN.NS
30-04-2024,812.6226196,821.0807554,806.3773745,812.8684964,27449073,SBIN.NS
02-05-2024,816.3599243,820.1464621,811.3932263,813.2619135,19943724,SBIN.NS
03-05-2024,817.7368164,822.4084741,806.4756505,821.0315405,22667634,SBIN.NS
06-05-2024,794.4768677,822.2117745,789.7560465,821.2282676,35283557,SBIN.NS
07-05-2024,788.6741943,801.2139071,780.1176724,798.6075899,16725013,SBIN.NS
08-05-2024,797.4273682,808.4426573,786.3137524,789.3625997,27908322,SBIN.NS
09-05-2024,806.2789307,825.8015783,790.2969438,798.5092623,49290254,SBIN.NS
10-05-2024,803.8693848,818.326949,802.1482476,813.3602509,20543142,SBIN.NS
13-05-2024,795.4603882,806.3281277,785.4286056,806.3281277,15398505,SBIN.NS
14-05-2024,804.7053833,808.8361244,794.5752739,799.5911353,10912462,SBIN.NS
15-05-2024,806.7706909,811.6882254,804.5578004,807.4591577,9755062,SBIN.NS
16-05-2024,798.5584717,812.5242822,784.1992343,811.6882653,20536990,SBIN.NS
17-05-2024,804.361084,808.8852517,797.8207992,801.0663599,12492509,SBIN.NS
21-05-2024,816.9500732,822.5068515,806.0822734,807.4592071,14037801,SBIN.NS
22-05-2024,818.75,826.6500244,813.5499878,826.5499878,19239277,SBIN.NS
23-05-2024,832.0999756,835.5,822,824.7000122,17497488,SBIN.NS
24-05-2024,828.5999756,841.25,827,830,12252075,SBIN.NS
27-05-2024,833.7000122,839.4000244,823,832.5999756,12295193,SBIN.NS
28-05-2024,831.1500244,840.7000122,823.2999878,835.7000122,13818893,SBIN.NS
29-05-2024,822.6500244,834.4500122,819.2999878,828.4000244,14518232,SBIN.NS
30-05-2024,825.8499756,836,819.2999878,821.4000244,17818705,SBIN.NS
31-05-2024,830.3499756,835,817.0999756,830.7000122,22267336,SBIN.NS
03-06-2024,905.6500244,912,856.75,863.5499878,64269020,SBIN.NS
04-06-2024,775.2000122,897,731.9500122,897,122381193,SBIN.NS
05-06-2024,789.75,795,744.0499878,790.75,74256082,SBIN.NS
06-06-2024,816.9500122,833.3499756,796,800,40555649,SBIN.NS
07-06-2024,829.9500122,831.5,810.5,819.9000244,25061284,SBIN.NS
10-06-2024,831.7999878,845.4500122,829.2000122,834.1500244,16725508,SBIN.NS
11-06-2024,835.5499878,839.5999756,829.0499878,836,14754408,SBIN.NS
12-06-2024,839.0999756,845.5499878,833,837,15071442,SBIN.NS
13-06-2024,843.9000244,845.9000244,836.0999756,845,12523972,SBIN.NS
14-06-2024,839.2000122,849.9000244,835.0999756,845,12903496,SBIN.NS
18-06-2024,844.9000244,851.5,840.25,841.5499878,14929083,SBIN.NS
19-06-2024,852.5999756,860.5999756,841,846.7999878,32925140,SBIN.NS
20-06-2024,843.75,853.0999756,842.3499756,853,13985352,SBIN.NS
21-06-2024,836.2999878,848.0499878,828.5999756,844.9000244,18990090,SBIN.NS
24-06-2024,832.7000122,836,821.0499878,831.5,12715254,SBIN.NS
25-06-2024,842.25,845.8499756,834.2999878,837,20917530,SBIN.NS
26-06-2024,845.3499756,848.7999878,836,839.8499756,16281760,SBIN.NS
27-06-2024,844,847.4000244,838.25,843.9000244,20378887,SBIN.NS
28-06-2024,848.9500122,864,844,846.9000244,23636388,SBIN.NS
01-07-2024,841.9500122,850.5,839.9500122,849.3499756,10967797,SBIN.NS
02-07-2024,826.1500244,846.2999878,823.1500244,844,21142840,SBIN.NS
03-07-2024,839.9500122,843.8499756,825,829,23598009,SBIN.NS
04-07-2024,839.2999878,844.9000244,834.2999878,843,13372587,SBIN.NS
05-07-2024,859.75,861.25,837,838,24873722,SBIN.NS
08-07-2024,856.25,865,853.5,859.75,10359800,SBIN.NS
09-07-2024,861.2999878,869.9500122,856,859.9000244,13585081,SBIN.NS
10-07-2024,849,860.25,843.5,860.0999756,17343236,SBIN.NS
11-07-2024,856.7000122,858.2999878,849.75,854.4000244,8501366,SBIN.NS
12-07-2024,859.7000122,863,855.2999878,856.7000122,11446064,SBIN.NS
15-07-2024,881.3499756,887.3499756,859.7000122,859.7000122,25392820,SBIN.NS
16-07-2024,880.7000122,888.0999756,874.2999878,882.2999878,11893692,SBIN.NS
18-07-2024,893.5499878,894.9000244,877.5,880.6500244,19435183,SBIN.NS
19-07-2024,889.3499756,899,883.2999878,895,14562742,SBIN.NS
22-07-2024,876.7999878,895,868,881.4500122,14614111,SBIN.NS
23-07-2024,863.9000244,884.5,849.0999756,883,18279212,SBIN.NS
24-07-2024,852,868,847.2000122,864.2000122,19624845,SBIN.NS
25-07-2024,848.5,850.75,841.2000122,847.5,9522375,SBIN.NS
26-07-2024,862.4500122,864.25,844,844.6500244,12081506,SBIN.NS
29-07-2024,871.5999756,889.0999756,863.2000122,866.0499878,26582781,SBIN.NS
30-07-2024,872.7999878,880.5499878,869,874.7000122,13528447,SBIN.NS
31-07-2024,872.4000244,874.9500122,868,873.8499756,11636874,SBIN.NS
01-08-2024,862.6500244,881.4000244,859.4500122,877.7999878,11787203,SBIN.NS
02-08-2024,847.8499756,858.2999878,846.1500244,856.7000122,12609331,SBIN.NS
05-08-2024,811.6500244,831.3499756,800,830,27676951,SBIN.NS
06-08-2024,797.7000122,826.5499878,795.6500244,822.6500244,17900930,SBIN.NS
07-08-2024,808.6500244,810.7000122,800.5499878,809,17692355,SBIN.NS
08-08-2024,808.0499878,817.7999878,802.7999878,812,14769069,SBIN.NS
09-08-2024,824.2999878,829.9500122,809.5499878,816,15320885,SBIN.NS
12-08-2024,812.5999756,823,811.2000122,820.5999756,16120449,SBIN.NS
13-08-2024,797.5499878,820,795.0499878,813.5,17585172,SBIN.NS
14-08-2024,803,809.1500244,800.4000244,800.9500122,11788665,SBIN.NS
16-08-2024,812.0999756,814.9000244,803,803,11427335,SBIN.NS
19-08-2024,813.7000122,825.4000244,812.5999756,815,10151482,SBIN.NS
20-08-2024,820.2999878,823,813.3499756,817.9500122,10347493,SBIN.NS
21-08-2024,815.5499878,821,811.2000122,820.2999878,14607257,SBIN.NS
22-08-2024,820.2999878,823.9000244,817.0999756,819,7832917,SBIN.NS
23-08-2024,815.3499756,822,814.5,821.5,5537747,SBIN.NS
26-08-2024,815.0499878,823.4500122,813.7999878,818,8523795,SBIN.NS
27-08-2024,815.9000244,819.4500122,811.0499878,817.7999878,12833290,SBIN.NS
28-08-2024,809.4000244,817.2000122,806.5,814.75,10371300,SBIN.NS
29-08-2024,814.5,816,806.9500122,809.5499878,18247268,SBIN.NS
30-08-2024,815.5999756,820.7000122,814.3499756,817.1500244,8911426,SBIN.NS
02-09-2024,822.1500244,825.4000244,813.0499878,817.2999878,11813750,SBIN.NS
03-09-2024,824.7999878,825.9500122,816.4000244,822.1500244,10548350,SBIN.NS
04-09-2024,816.5,818.6500244,813.6500244,815.4500122,10789570,SBIN.NS
05-09-2024,818.75,822.1500244,814.4000244,818.3499756,8395074,SBIN.NS
06-09-2024,782.5,812.9000244,777,811.5,40220096,SBIN.NS
09-09-2024,784.25,788.2000122,771,785,21322103,SBIN.NS
10-09-2024,782.6500244,788.7999878,777.5,788,12824701,SBIN.NS
11-09-2024,768.5999756,788,765.4000244,780.0499878,20060665,SBIN.NS
12-09-2024,787.75,789.9000244,772.75,775,17578964,SBIN.NS
13-09-2024,790.8499756,795,785.0999756,791,12950936,SBIN.NS
16-09-2024,785.5499878,795,784.4000244,790.8499756,9553736,SBIN.NS
17-09-2024,782.9000244,787.5,780.5499878,785.5999756,10665630,SBIN.NS
18-09-2024,792.75,794.75,782,783.7999878,18324412,SBIN.NS
19-09-2024,789.9500122,801.3499756,784.0499878,795.0499878,10645478,SBIN.NS
20-09-2024,781.7000122,794.8499756,779.5,794.8499756,21372244,SBIN.NS
23-09-2024,801.8499756,805,784.5,786,17309545,SBIN.NS
24-09-2024,798.25,804.25,796.5,799.25,15180653,SBIN.NS
25-09-2024,793.0999756,798,788.7000122,797.9000244,18465571,SBIN.NS
26-09-2024,801.8499756,803,791.5999756,796,23198842,SBIN.NS
27-09-2024,802.6500244,808,798.4500122,801.8499756,15193681,SBIN.NS
30-09-2024,787.9000244,802.5999756,786.4500122,801.9000244,15484573,SBIN.NS
01-10-2024,796.9500122,800.3499756,788,788,13280535,SBIN.NS
03-10-2024,794.0999756,804,784.2999878,789.9000244,15944135,SBIN.NS
04-10-2024,796.6500244,809.8499756,785.25,792,20097454,SBIN.NS
07-10-2024,770.6500244,804,765.4000244,800,24267990,SBIN.NS
08-10-2024,781.4500122,784.4000244,772.25,772.25,8560960,SBIN.NS
09-10-2024,797.4000244,804.3499756,782.0499878,786.7000122,18758697,SBIN.NS
10-10-2024,797.0999756,804.4500122,795,799,10241015,SBIN.NS
11-10-2024,799.75,802.7000122,793,797.2000122,14322720,SBIN.NS
14-10-2024,805.1500244,809.25,800.7999878,802,8967564,SBIN.NS
15-10-2024,804.6500244,807.5,801.5999756,805.5,6252104,SBIN.NS
16-10-2024,805.4500122,809,802.0499878,802.7999878,6494240,SBIN.NS
17-10-2024,811.0499878,819.5,806,809.5,18580553,SBIN.NS
18-10-2024,820.4000244,822.5999756,802.9000244,811.0999756,11704698,SBIN.NS
21-10-2024,813.9500122,826.4500122,809,824.7000122,10359618,SBIN.NS
22-10-2024,790.4000244,816.8499756,787.5,814,16645356,SBIN.NS
23-10-2024,786,792.5999756,779.7999878,790,13866198,SBIN.NS
24-10-2024,794.5499878,797,784.6500244,786.0499878,5607500,SBIN.NS
25-10-2024,780.9500122,800.75,772,798,9717125,SBIN.NS
28-10-2024,792.0499878,803.9500122,783.5499878,783.7999878,13757251,SBIN.NS
29-10-2024,832.7000122,834.8499756,790.5,796,28274791,SBIN.NS
30-10-2024,822.4500122,833,821.0499878,828,15977682,SBIN.NS
31-10-2024,820.2000122,828,813.5499878,820,13402324,SBIN.NS
01-11-2024,821.2000122,825.5999756,818.9000244,822.4000244,1637141,SBIN.NS
04-11-2024,829.8499756,837.5,807.0999756,822.7000122,14498161,SBIN.NS
05-11-2024,849.2000122,851.4000244,826.25,829.8499756,26254561,SBIN.NS
06-11-2024,854.7999878,861.4000244,846.2000122,849.2000122,15002433,SBIN.NS
07-11-2024,859.5999756,862.4000244,846.7000122,861,15283847,SBIN.NS
08-11-2024,843.1500244,863.5,834.2000122,859.5999756,26139105,SBIN.NS
11-11-2024,847.6500244,854,842,846,12621337,SBIN.NS
12-11-2024,826.7000122,853.4000244,824.2999878,852.5,11350729,SBIN.NS
13-11-2024,808.6500244,831.75,804.6500244,823.3499756,13756706,SBIN.NS
14-11-2024,804.25,818,801.0499878,808.6500244,9461484,SBIN.NS
18-11-2024,814.2999878,816.7000122,799.25,811,9322451,SBIN.NS
19-11-2024,803,820.2999878,800.0999756,819,13677029,SBIN.NS
21-11-2024,780.75,798.5,761.5499878,798.5,29486577,SBIN.NS
22-11-2024,816.0499878,819.9500122,784.0499878,786,20665405,SBIN.NS
25-11-2024,844.4500122,849.5999756,825.6500244,827,23434605,SBIN.NS
26-11-2024,839.4000244,846.7000122,835.5499878,844,8893744,SBIN.NS
27-11-2024,834.0999756,842.5,832.0999756,838.5,8375108,SBIN.NS
28-11-2024,838.8499756,845.7999878,830.5,834.0999756,13505677,SBIN.NS
29-11-2024,838.9500122,844.0499878,831.5499878,841.0999756,10822949,SBIN.NS
02-12-2024,836.4000244,842,832.7000122,838.9500122,6651119,SBIN.NS
03-12-2024,853.9500122,856.5999756,836.9000244,838,12186182,SBIN.NS
04-12-2024,859.7000122,864,850.2999878,853.9500122,10749716,SBIN.NS
05-12-2024,865.4500122,871.4500122,855.5999756,860,14716036,SBIN.NS
06-12-2024,863.6500244,875.4500122,857,865.25,14520568,SBIN.NS
09-12-2024,858.0499878,866.8499756,856.9500122,859,9630346,SBIN.NS
10-12-2024,867.5,868.9500122,858.0499878,861.7999878,7379849,SBIN.NS
11-12-2024,861.5999756,869.8499756,860.9500122,867.5,7006973,SBIN.NS
12-12-2024,853.7000122,864.2999878,851.1500244,861.5,8845103,SBIN.NS
13-12-2024,861.5499878,862.9000244,835,852.5999756,9379370,SBIN.NS
16-12-2024,860.9500122,866.4000244,857.7999878,859.7999878,6432713,SBIN.NS
17-12-2024,850.5499878,862.5999756,847.0499878,858.5499878,8791216,SBIN.NS
18-12-2024,838.1500244,852,837,851,8295338,SBIN.NS
19-12-2024,832.7999878,838,820.2000122,824.5999756,9453398,SBIN.NS
20-12-2024,812,836,810,834.9000244,10244198,SBIN.NS
23-12-2024,821.1500244,824,812.2000122,817.2999878,4933200,SBIN.NS
24-12-2024,812.0499878,826.2000122,809.2000122,824.25,10602771,SBIN.NS
26-12-2024,812.4500122,822.8499756,808,813,8318714,SBIN.NS
27-12-2024,799.6500244,818.2999878,797.2000122,816.2999878,10649800,SBIN.NS
30-12-2024,788.2999878,807.9500122,785,802,21515438,SBIN.NS
31-12-2024,794.9500122,799.2000122,786,786.9500122,9086044,SBIN.NS
01-01-2025,793.2000122,798.6500244,789.5,795.5499878,7273098,SBIN.NS
02-01-2025,801.2000122,802.4000244,787,795,11398319,SBIN.NS
03-01-2025,793.4000244,809.5,792.1500244,801.2000122,13336514,SBIN.NS
06-01-2025,776.4000244,797.5999756,773.1500244,797.4000244,11419367,SBIN.NS
07-01-2025,778.75,783.8499756,774.8499756,779.8499756,9669152,SBIN.NS
08-01-2025,771.1500244,783.9500122,760.0999756,780.9000244,15641490,SBIN.NS
09-01-2025,760.4500122,771.3499756,726.25,771.1500244,15351029,SBIN.NS
10-01-2025,743.25,763.4000244,742.0499878,760.3499756,11779296,SBIN.NS
13-01-2025,729.5,743.9500122,722.5,741.5,10414733,SBIN.NS
14-01-2025,748.1500244,757,732.9500122,732.9500122,11960975,SBIN.NS
15-01-2025,753.7000122,758.9000244,750,753.1500244,7792299,SBIN.NS
16-01-2025,766.2999878,776.7000122,760.4000244,760.4000244,11816079,SBIN.NS
17-01-2025,764.0999756,767.9500122,759.4000244,766.2999878,5766573,SBIN.NS
20-01-2025,779.25,785,767.8499756,769,9198929,SBIN.NS
21-01-2025,759.0499878,784.9000244,756.0499878,784.7999878,13751780,SBIN.NS
22-01-2025,753.4500122,763,738,762,9908339,SBIN.NS
23-01-2025,745.9000244,755.6500244,743.0999756,750,10986405,SBIN.NS
24-01-2025,744.1500244,753.7000122,739,749.9000244,10579213,SBIN.NS
27-01-2025,749.2000122,755.3499756,735.9000244,740,11433353,SBIN.NS
28-01-2025,752.4000244,759.75,745.4000244,757,14140860,SBIN.NS
29-01-2025,758.4500122,760.7999878,749.7999878,753,9251973,SBIN.NS
30-01-2025,762.5999756,765,754.75,758.5499878,11085824,SBIN.NS
31-01-2025,772.9000244,777.5499878,759.5,764.9000244,10083763,SBIN.NS
01-02-2025,766,778.75,752.1500244,774.7999878,9363077,SBIN.NS
03-02-2025,760.9500122,762.7999878,753.1500244,762.7999878,7862190,SBIN.NS
04-02-2025,779.2000122,781.25,765.6500244,767,12020807,SBIN.NS
05-02-2025,766.0499878,782,765,780,13419162,SBIN.NS
06-02-2025,752.25,770.8499756,750.0499878,769,32745391,SBIN.NS
07-02-2025,737.2000122,759.9000244,731.75,759.7999878,37240692,SBIN.NS
10-02-2025,736.7999878,743.9000244,733.4000244,740,12667049,SBIN.NS
11-02-2025,731.0999756,740.1500244,726.5499878,737.4500122,13017060,SBIN.NS
12-02-2025,733.1500244,738.7000122,717.1500244,733.1500244,12697743,SBIN.NS
13-02-2025,727.6500244,737.5,726.1500244,734.4000244,12370571,SBIN.NS
14-02-2025,722.1500244,732.9000244,716.2000122,730.9500122,10417539,SBIN.NS
17-02-2025,727.7000122,728.75,711.5499878,719.0499878,9093600,SBIN.NS
18-02-2025,725.7999878,728.25,717.3499756,727.7000122,8562003,SBIN.NS
19-02-2025,727.2999878,734.8499756,722.0499878,722.0499878,6766606,SBIN.NS
20-02-2025,729.7000122,731.5,723.3499756,724.9000244,7423268,SBIN.NS
21-02-2025,722,731.7000122,720,727.2999878,6571602,SBIN.NS
24-02-2025,716.4000244,719.75,710.5,710.5,6912148,SBIN.NS
25-02-2025,710.9000244,718.9500122,710,718.9500122,8599635,SBIN.NS
27-02-2025,703.9000244,717.7000122,701.0999756,716,12033139,SBIN.NS
28-02-2025,688.7999878,701.3499756,682.5999756,700.9000244,15780609,SBIN.NS
03-03-2025,695.2999878,697.4000244,680,690.1500244,10598479,SBIN.NS
04-03-2025,716.0499878,718.4500122,692.0999756,693,14386214,SBIN.NS
05-03-2025,730.3499756,731.2999878,717,717.5499878,10409805,SBIN.NS
06-03-2025,732.0499878,736.75,727,736,10928847,SBIN.NS
07-03-2025,732.75,734.8499756,728,732.0499878,7246729,SBIN.NS
10-03-2025,728.9000244,738.5,726.5999756,732.75,7400109,SBIN.NS
11-03-2025,729.8499756,734.0499878,722.7000122,724.9000244,5538789,SBIN.NS
12-03-2025,723.0499878,737,719.0499878,730.5999756,5547762,SBIN.NS
13-03-2025,727.8499756,731.4500122,724.5,725.9000244,5908337,SBIN.NS
17-03-2025,723.1500244,731.25,722.2999878,728.9000244,5149563,SBIN.NS
18-03-2025,723.1500244,723.1500244,723.1500244,723.1500244,0,SBIN.NS
19-03-2025,745.0999756,749.2999878,739.0999756,739.5999756,7604850,SBIN.NS
20-03-2025,749.5499878,752.7000122,744.2000122,748,6963197,SBIN.NS
21-03-2025,753.2000122,755.5999756,747,749.9500122,9577327,SBIN.NS
24-03-2025,780.7999878,782.9500122,755.0999756,758,12095064,SBIN.NS
25-03-2025,772.8499756,786,769.2000122,783.9000244,15190143,SBIN.NS
26-03-2025,764,776.0499878,761.4500122,772,7711852,SBIN.NS
27-03-2025,772.2999878,775.7999878,760.5,763.7999878,15648616,SBIN.NS
28-03-2025,771.5,778.5999756,767,772.0999756,7628185,SBIN.NS
01-04-2024,1450.690186,1453.945778,1435.990887,1438.358579,12599785,HDFCBANK.NS
02-04-2024,1460.210205,1474.712126,1443.537849,1445.412277,20612723,HDFCBANK.NS
03-04-2024,1462.331299,1475.501431,1451.578114,1452.268635,22792193,HDFCBANK.NS
04-04-2024,1507.020996,1509.388689,1483.738946,1483.738946,44467533,HDFCBANK.NS
05-04-2024,1528.675293,1533.558561,1509.536616,1518.267369,29527951,HDFCBANK.NS
08-04-2024,1525.765015,1536.271568,1520.783118,1534.002504,10241470,HDFCBANK.NS
09-04-2024,1527.688721,1533.903778,1519.549861,1533.903778,10942247,HDFCBANK.NS
10-04-2024,1515.653076,1529.020586,1512.298855,1529.020586,13903700,HDFCBANK.NS
12-04-2024,1498.487427,1509.240612,1493.06152,1500.509858,20542104,HDFCBANK.NS
15-04-2024,1474.564087,1489.658021,1471.949883,1477.375789,11707624,HDFCBANK.NS
16-04-2024,1488.918213,1492.519066,1462.281942,1466.967953,10372443,HDFCBANK.NS
18-04-2024,1474.564087,1498.388774,1470.963354,1489.460763,17117442,HDFCBANK.NS
19-04-2024,1510.671143,1514.271875,1460.308814,1466.523992,17288217,HDFCBANK.NS
22-04-2024,1491.828369,1536.41953,1487.981004,1536.41953,21149219,HDFCBANK.NS
23-04-2024,1487.290405,1505.935819,1482.99903,1505.738561,13413530,HDFCBANK.NS
24-04-2024,1491.335083,1501.249743,1488.720879,1494.590675,11220790,HDFCBANK.NS
25-04-2024,1490.397949,1499.227331,1485.958571,1485.958571,17722602,HDFCBANK.NS
26-04-2024,1489.460815,1507.415586,1485.268069,1499.326101,12427347,HDFCBANK.NS
29-04-2024,1508.895386,1513.778654,1486.254604,1494.590722,18046675,HDFCBANK.NS
30-04-2024,1499.621948,1518.760625,1494.492048,1508.599334,26153691,HDFCBANK.NS
02-05-2024,1511.608276,1516.294287,1499.868563,1501.496359,16737503,HDFCBANK.NS
03-05-2024,1499.128662,1519.84576,1486.895685,1512.5948,15932621,HDFCBANK.NS
06-05-2024,1502.137695,1513.828034,1496.711788,1501.496428,14396698,HDFCBANK.NS
07-05-2024,1485.859985,1503.51887,1483.886928,1501.447064,14240301,HDFCBANK.NS
08-05-2024,1462.676514,1476.783799,1460.40745,1475.797271,20843931,HDFCBANK.NS
09-05-2024,1428,1466.721244,1425.829685,1455.080159,23140639,HDFCBANK.NS
10-05-2024,1437.900024,1451.949951,1426.800049,1439,13638304,HDFCBANK.NS
13-05-2024,1455.25,1459.800049,1430.300049,1432,13523601,HDFCBANK.NS
14-05-2024,1460.949951,1465.5,1450.300049,1452.25,12832571,HDFCBANK.NS
15-05-2024,1438.5,1459.699951,1435.800049,1459.699951,19465998,HDFCBANK.NS
16-05-2024,1460.25,1462.550049,1435.5,1446.050049,17472618,HDFCBANK.NS
17-05-2024,1464.099976,1468,1446.199951,1446.199951,10460095,HDFCBANK.NS
21-05-2024,1458.800049,1469.699951,1450.099976,1450.099976,21884989,HDFCBANK.NS
22-05-2024,1459.199951,1465.599976,1448.150024,1457.849976,19998139,HDFCBANK.NS
23-05-2024,1492.599976,1495.650024,1457.050049,1458.650024,20430960,HDFCBANK.NS
24-05-2024,1517.199951,1519.900024,1486,1487.5,15530103,HDFCBANK.NS
27-05-2024,1527.699951,1545,1519.050049,1523.349976,14692720,HDFCBANK.NS
28-05-2024,1530.5,1536.050049,1524.800049,1530.099976,13954452,HDFCBANK.NS
29-05-2024,1508.300049,1523.849976,1501.25,1518,17573853,HDFCBANK.NS
30-05-2024,1514.849976,1523.599976,1497.650024,1499.199951,16877675,HDFCBANK.NS
31-05-2024,1531.550049,1536,1514,1519,37039794,HDFCBANK.NS
03-06-2024,1572.199951,1599,1550,1599,36318628,HDFCBANK.NS
04-06-2024,1483.150024,1559,1454,1557,44765620,HDFCBANK.NS
05-06-2024,1551.800049,1559.599976,1482.349976,1494.050049,40815825,HDFCBANK.NS
06-06-2024,1559.699951,1565.449951,1546.599976,1564.900024,23211435,HDFCBANK.NS
07-06-2024,1573.349976,1584.349976,1552.050049,1561.050049,18356108,HDFCBANK.NS
10-06-2024,1561.300049,1580.650024,1557.599976,1574,11227029,HDFCBANK.NS
11-06-2024,1564.800049,1571,1552.199951,1556,14772663,HDFCBANK.NS
12-06-2024,1574.150024,1588.300049,1566.400024,1575,19640218,HDFCBANK.NS
13-06-2024,1580.75,1585.699951,1574,1581.75,12060096,HDFCBANK.NS
14-06-2024,1596.900024,1599,1577.699951,1584,12770277,HDFCBANK.NS
18-06-2024,1607.800049,1610.5,1589.449951,1596.900024,16207857,HDFCBANK.NS
19-06-2024,1657.849976,1669.900024,1604,1613.400024,45065598,HDFCBANK.NS
20-06-2024,1669.349976,1681.449951,1652,1669.800049,20704371,HDFCBANK.NS
21-06-2024,1665.75,1672.849976,1643.150024,1672.849976,25815388,HDFCBANK.NS
24-06-2024,1672.400024,1675.099976,1645.75,1647,14272497,HDFCBANK.NS
25-06-2024,1711.349976,1716.949951,1671.099976,1671.099976,37260774,HDFCBANK.NS
26-06-2024,1701.5,1710.900024,1691.099976,1707.949951,23798333,HDFCBANK.NS
27-06-2024,1696.150024,1713,1686.599976,1696.099976,27537325,HDFCBANK.NS
28-06-2024,1683.800049,1706.599976,1679,1697.599976,13238023,HDFCBANK.NS
01-07-2024,1705.199951,1707.300049,1680,1680,10593512,HDFCBANK.NS
02-07-2024,1730.599976,1734.900024,1702.75,1715,22960845,HDFCBANK.NS
03-07-2024,1768.650024,1794,1764.650024,1791,61608901,HDFCBANK.NS
04-07-2024,1727.150024,1759.75,1724.849976,1759.75,22924329,HDFCBANK.NS
05-07-2024,1648.099976,1685,1642.199951,1685,41121274,HDFCBANK.NS
08-07-2024,1635.349976,1654.949951,1627.150024,1645.300049,19543900,HDFCBANK.NS
09-07-2024,1636.5,1646.699951,1620.349976,1625,24275439,HDFCBANK.NS
10-07-2024,1626.099976,1640,1620.75,1629.949951,22753591,HDFCBANK.NS
11-07-2024,1621.900024,1625.849976,1601,1623.949951,22088537,HDFCBANK.NS
12-07-2024,1622.699951,1638.400024,1611.150024,1622,28024980,HDFCBANK.NS
15-07-2024,1622.099976,1629.800049,1615.199951,1623.5,16687847,HDFCBANK.NS
16-07-2024,1619.75,1627,1616.800049,1620.75,14475162,HDFCBANK.NS
18-07-2024,1614.800049,1623.949951,1599.150024,1608,16858532,HDFCBANK.NS
19-07-2024,1607.300049,1623,1603.5,1616,13001076,HDFCBANK.NS
22-07-2024,1642.550049,1651,1612.650024,1617,26872411,HDFCBANK.NS
23-07-2024,1618.400024,1647.800049,1605,1647.550049,26001076,HDFCBANK.NS
24-07-2024,1604.050049,1621,1588.050049,1608.150024,30864103,HDFCBANK.NS
25-07-2024,1616.599976,1625,1593,1593,12767866,HDFCBANK.NS
26-07-2024,1618.150024,1621.75,1596.449951,1605,21905270,HDFCBANK.NS
29-07-2024,1605.050049,1631.849976,1598.300049,1615,25500574,HDFCBANK.NS
30-07-2024,1615.550049,1634.75,1599,1602,27297917,HDFCBANK.NS
31-07-2024,1615.75,1627.900024,1609.199951,1614,18910242,HDFCBANK.NS
01-08-2024,1638.800049,1650.050049,1617.949951,1622.900024,13107587,HDFCBANK.NS
02-08-2024,1659.150024,1670.5,1631,1631,22059619,HDFCBANK.NS
05-08-2024,1615.75,1646,1601,1640.099976,20666817,HDFCBANK.NS
06-08-2024,1601.199951,1632.949951,1593.300049,1630,22558025,HDFCBANK.NS
07-08-2024,1623.5,1630,1602.199951,1617,21173132,HDFCBANK.NS
08-08-2024,1642.699951,1653.300049,1619.25,1624,16988475,HDFCBANK.NS
09-08-2024,1650.199951,1662.550049,1645.800049,1652,13322309,HDFCBANK.NS
12-08-2024,1660.099976,1675.949951,1647.349976,1652,19658098,HDFCBANK.NS
13-08-2024,1603.199951,1632.400024,1601.150024,1628,27027521,HDFCBANK.NS
14-08-2024,1607.800049,1613.699951,1603.199951,1606.5,16167214,HDFCBANK.NS
16-08-2024,1632.099976,1634.150024,1611,1628.5,13924623,HDFCBANK.NS
19-08-2024,1631.550049,1637.650024,1623.699951,1637.650024,9751082,HDFCBANK.NS
20-08-2024,1637.699951,1646,1627.449951,1627.449951,15567247,HDFCBANK.NS
21-08-2024,1625.800049,1634.550049,1617.800049,1628.099976,23815452,HDFCBANK.NS
22-08-2024,1631.300049,1638.300049,1628,1632,10650319,HDFCBANK.NS
23-08-2024,1625.050049,1634,1623,1634,10166711,HDFCBANK.NS
26-08-2024,1639.949951,1647.949951,1632.199951,1632.199951,11182133,HDFCBANK.NS
27-08-2024,1637.75,1647.400024,1632.199951,1643.400024,17886622,HDFCBANK.NS
28-08-2024,1637.099976,1639.75,1630.199951,1637.75,13460594,HDFCBANK.NS
29-08-2024,1638.550049,1644.400024,1631.150024,1642,24526302,HDFCBANK.NS
30-08-2024,1636.900024,1662,1621.150024,1656,222671050,HDFCBANK.NS
02-09-2024,1626.949951,1646.800049,1623.199951,1646.800049,17024840,HDFCBANK.NS
03-09-2024,1637.349976,1639.949951,1624.599976,1634,18641430,HDFCBANK.NS
04-09-2024,1641.800049,1644.800049,1632,1639,12341372,HDFCBANK.NS
05-09-2024,1645.449951,1649.900024,1642,1646,11438159,HDFCBANK.NS
06-09-2024,1636.949951,1647.75,1634.099976,1638.300049,13014801,HDFCBANK.NS
09-09-2024,1646.5,1648.5,1630.099976,1638,11896457,HDFCBANK.NS
10-09-2024,1650.349976,1654,1638,1654,13303323,HDFCBANK.NS
11-09-2024,1643.900024,1652.5,1639.199951,1650.400024,11113342,HDFCBANK.NS
12-09-2024,1666.599976,1670,1647.050049,1654,16212023,HDFCBANK.NS
13-09-2024,1665.949951,1674,1657.050049,1674,11930266,HDFCBANK.NS
16-09-2024,1670.949951,1677.800049,1664.050049,1667,7586410,HDFCBANK.NS
17-09-2024,1668.800049,1678,1664.150024,1678,10063561,HDFCBANK.NS
18-09-2024,1694.800049,1698.900024,1671.099976,1671.849976,20458671,HDFCBANK.NS
19-09-2024,1708.5,1719,1699.150024,1699.199951,15325888,HDFCBANK.NS
20-09-2024,1741.199951,1744.949951,1707.550049,1716.5,30311693,HDFCBANK.NS
23-09-2024,1759.800049,1766.349976,1740.25,1749,13482675,HDFCBANK.NS
24-09-2024,1768.050049,1781.650024,1754.25,1765,16519518,HDFCBANK.NS
25-09-2024,1779.099976,1788,1760.150024,1760.150024,15982656,HDFCBANK.NS
26-09-2024,1783.449951,1788,1768.050049,1773.050049,15949822,HDFCBANK.NS
27-09-2024,1752.650024,1778.199951,1750,1777,17806751,HDFCBANK.NS
30-09-2024,1732.050049,1751.449951,1724.400024,1748.800049,13191767,HDFCBANK.NS
01-10-2024,1726.199951,1742,1720.099976,1724,12286142,HDFCBANK.NS
03-10-2024,1682,1726.150024,1673.349976,1715.650024,24236699,HDFCBANK.NS
04-10-2024,1657.650024,1690.650024,1653,1674.5,24341616,HDFCBANK.NS
07-10-2024,1617.800049,1659,1613,1652.199951,47229148,HDFCBANK.NS
08-10-2024,1651.050049,1656.800049,1622,1630,14867203,HDFCBANK.NS
09-10-2024,1633.150024,1656.75,1628.699951,1649.5,20562821,HDFCBANK.NS
10-10-2024,1662.400024,1665.449951,1632.5,1639,10877383,HDFCBANK.NS
11-10-2024,1651,1664.449951,1643.25,1664.449951,11836297,HDFCBANK.NS
14-10-2024,1688.099976,1692.050049,1654,1656.050049,9263754,HDFCBANK.NS
15-10-2024,1684.099976,1698,1675.5,1694,9825565,HDFCBANK.NS
16-10-2024,1699.800049,1707.949951,1680.099976,1680.099976,10235341,HDFCBANK.NS
17-10-2024,1673.150024,1697.650024,1665.199951,1694.949951,7347866,HDFCBANK.NS
18-10-2024,1681.849976,1691,1654.099976,1663.099976,12404862,HDFCBANK.NS
21-10-2024,1728.699951,1748.150024,1711.050049,1715,23274177,HDFCBANK.NS
22-10-2024,1714.550049,1740,1710.699951,1730.050049,19437640,HDFCBANK.NS
23-10-2024,1735.800049,1746.5,1705.050049,1705.050049,19018045,HDFCBANK.NS
24-10-2024,1749.650024,1768.650024,1738.099976,1738.099976,15416129,HDFCBANK.NS
25-10-2024,1743.400024,1757.849976,1728.699951,1755,13065239,HDFCBANK.NS
28-10-2024,1734.199951,1751,1728.900024,1742,11006071,HDFCBANK.NS
29-10-2024,1751.849976,1764,1725.099976,1726.150024,17897463,HDFCBANK.NS
30-10-2024,1734.599976,1754.75,1724.199951,1742,16357862,HDFCBANK.NS
31-10-2024,1735.699951,1738.900024,1719.400024,1728,11447956,HDFCBANK.NS
01-11-2024,1737.300049,1744.099976,1726.099976,1733,879846,HDFCBANK.NS
04-11-2024,1714.099976,1745,1710.900024,1745,14044624,HDFCBANK.NS
05-11-2024,1757.849976,1762.699951,1697.900024,1703,22116203,HDFCBANK.NS
06-11-2024,1755.25,1771.5,1745.349976,1771.5,13893955,HDFCBANK.NS
07-11-2024,1746.550049,1760.949951,1738,1744.300049,9447728,HDFCBANK.NS
08-11-2024,1754.449951,1761.800049,1745.849976,1752,9951493,HDFCBANK.NS
11-11-2024,1766.300049,1782.800049,1751.199951,1754.550049,12282681,HDFCBANK.NS
12-11-2024,1718.199951,1775,1708.650024,1772,15697703,HDFCBANK.NS
13-11-2024,1681.349976,1729.400024,1673,1716.75,17864250,HDFCBANK.NS
14-11-2024,1692.75,1704.849976,1672.099976,1673.099976,13573235,HDFCBANK.NS
18-11-2024,1705.099976,1718.900024,1695,1700,13540984,HDFCBANK.NS
19-11-2024,1742.25,1753.75,1702.699951,1714,25490636,HDFCBANK.NS
21-11-2024,1741.199951,1759,1734.199951,1749.400024,17858256,HDFCBANK.NS
22-11-2024,1745.599976,1754.300049,1729.550049,1743.550049,12386806,HDFCBANK.NS
25-11-2024,1785.599976,1803.550049,1764.900024,1785.050049,213868637,HDFCBANK.NS
26-11-2024,1785.550049,1810,1769.800049,1810,15467783,HDFCBANK.NS
27-11-2024,1812.300049,1817.349976,1785.150024,1789.900024,16357488,HDFCBANK.NS
28-11-2024,1793.150024,1836.099976,1788,1819,17861196,HDFCBANK.NS
29-11-2024,1796.050049,1804.599976,1782.900024,1801.300049,13834768,HDFCBANK.NS
02-12-2024,1804.699951,1808.150024,1775,1803.5,7555438,HDFCBANK.NS
03-12-2024,1826.300049,1837.400024,1816.099976,1822.699951,21705121,HDFCBANK.NS
04-12-2024,1860.099976,1865,1831.150024,1838,22334542,HDFCBANK.NS
05-12-2024,1865.75,1879.949951,1835.199951,1860,19841357,HDFCBANK.NS
06-12-2024,1855.849976,1864.199951,1844,1857,8891578,HDFCBANK.NS
09-12-2024,1870,1880,1849,1853.650024,13473956,HDFCBANK.NS
10-12-2024,1868.099976,1877.699951,1858.550049,1877.699951,6662740,HDFCBANK.NS
11-12-2024,1863.099976,1871.900024,1856.75,1861.699951,7022713,HDFCBANK.NS
12-12-2024,1859.25,1868.650024,1848.699951,1851,8646895,HDFCBANK.NS
13-12-2024,1871.75,1875,1829.25,1862.5,9504501,HDFCBANK.NS
16-12-2024,1865.199951,1869.949951,1855.25,1865.099976,6553541,HDFCBANK.NS
17-12-2024,1833.25,1862.349976,1826.5,1856.349976,10539766,HDFCBANK.NS
18-12-2024,1810.699951,1836,1807.150024,1829.849976,11711156,HDFCBANK.NS
19-12-2024,1793.5,1801.099976,1779,1799.599976,12690385,HDFCBANK.NS
20-12-2024,1771.5,1797.550049,1767.050049,1782.199951,12846174,HDFCBANK.NS
23-12-2024,1801,1806,1781.300049,1782,5522296,HDFCBANK.NS
24-12-2024,1798.099976,1808.699951,1789.550049,1802.050049,7242917,HDFCBANK.NS
26-12-2024,1790.75,1812,1780.75,1798.550049,5240839,HDFCBANK.NS
27-12-2024,1798.25,1805.949951,1789.099976,1794.800049,3629665,HDFCBANK.NS
30-12-2024,1777.900024,1815,1771,1792.199951,11111109,HDFCBANK.NS
31-12-2024,1772.849976,1781.800049,1765.599976,1770.300049,7058618,HDFCBANK.NS
01-01-2025,1782.75,1794,1761.099976,1773.449951,3656903,HDFCBANK.NS
02-01-2025,1793.75,1803.449951,1773,1777.099976,9279288,HDFCBANK.NS
03-01-2025,1749.199951,1795.25,1746.300049,1791,12213097,HDFCBANK.NS
06-01-2025,1710.5,1757.199951,1705.800049,1740.099976,9408174,HDFCBANK.NS
07-01-2025,1713.400024,1721,1700,1715,6763953,HDFCBANK.NS
08-01-2025,1694.300049,1711.650024,1683.349976,1708.25,9869095,HDFCBANK.NS
09-01-2025,1667.800049,1689,1658.099976,1684.150024,20210111,HDFCBANK.NS
10-01-2025,1656.75,1674.900024,1654,1671,8726640,HDFCBANK.NS
13-01-2025,1630.849976,1646.75,1624.300049,1640,10834533,HDFCBANK.NS
14-01-2025,1646.599976,1656.199951,1637,1639.900024,13330716,HDFCBANK.NS
15-01-2025,1643.050049,1662.699951,1636.300049,1656.5,7011446,HDFCBANK.NS
16-01-2025,1652.050049,1660.550049,1642.849976,1652.849976,10606227,HDFCBANK.NS
17-01-2025,1636.75,1650.5,1628.5,1643.5,11556038,HDFCBANK.NS
20-01-2025,1651.25,1660.949951,1626,1626,8778809,HDFCBANK.NS
21-01-2025,1642.400024,1661.050049,1633.050049,1658.25,15579072,HDFCBANK.NS
22-01-2025,1666.050049,1671.900024,1625.449951,1642.400024,15309653,HDFCBANK.NS
23-01-2025,1664.900024,1687,1651.25,1687,17454579,HDFCBANK.NS
24-01-2025,1649.800049,1670.300049,1644.5,1660,12118100,HDFCBANK.NS
27-01-2025,1629.800049,1643.599976,1626,1641.099976,11402083,HDFCBANK.NS
28-01-2025,1670.400024,1684.300049,1647,1647,15089656,HDFCBANK.NS
29-01-2025,1677.300049,1681.150024,1668.849976,1675,6309945,HDFCBANK.NS
30-01-2025,1691.5,1697.900024,1672.550049,1681,12872423,HDFCBANK.NS
31-01-2025,1698.75,1704.699951,1683.949951,1687.25,7910843,HDFCBANK.NS
01-02-2025,1690.949951,1713,1676.050049,1697.5,2793764,HDFCBANK.NS
03-02-2025,1678,1686.800049,1663.449951,1670,10138270,HDFCBANK.NS
04-02-2025,1720.900024,1725.800049,1680.050049,1688.699951,14308251,HDFCBANK.NS
05-02-2025,1737.800049,1744.199951,1718.900024,1733,11837753,HDFCBANK.NS
06-02-2025,1743.849976,1749,1724,1735.5,13380358,HDFCBANK.NS
07-02-2025,1732.75,1767,1725,1750,11754800,HDFCBANK.NS
10-02-2025,1715.75,1723.449951,1708.5,1717.300049,8597975,HDFCBANK.NS
11-02-2025,1701.400024,1711,1688.699951,1703,11362352,HDFCBANK.NS
12-02-2025,1706.800049,1712,1681.199951,1693,11404785,HDFCBANK.NS
13-02-2025,1697.699951,1714.25,1693.550049,1699,6301217,HDFCBANK.NS
14-02-2025,1694.849976,1701.900024,1680,1701.900024,9979946,HDFCBANK.NS
17-02-2025,1717.349976,1720,1681.25,1685.199951,6469473,HDFCBANK.NS
18-02-2025,1723.050049,1731.550049,1706.150024,1713.050049,8175455,HDFCBANK.NS
19-02-2025,1727.199951,1737.900024,1712.449951,1717,5942056,HDFCBANK.NS
20-02-2025,1687.099976,1714.699951,1685.300049,1711,13195255,HDFCBANK.NS
21-02-2025,1692.5,1694.949951,1677.25,1680.900024,7840470,HDFCBANK.NS
24-02-2025,1677.099976,1684.199951,1661.099976,1681.099976,10346823,HDFCBANK.NS
25-02-2025,1682.349976,1688,1671.099976,1671.099976,12069354,HDFCBANK.NS
27-02-2025,1700.699951,1710.75,1682.550049,1682.550049,17893400,HDFCBANK.NS
28-02-2025,1732.400024,1737.25,1685,1685,27258364,HDFCBANK.NS
03-03-2025,1701.550049,1743.050049,1694.099976,1739.800049,10602682,HDFCBANK.NS
04-03-2025,1710,1714.300049,1693.25,1698,9960479,HDFCBANK.NS
05-03-2025,1690,1710.800049,1688.25,1701.949951,10791936,HDFCBANK.NS
06-03-2025,1691.199951,1699.900024,1672.25,1687,16483044,HDFCBANK.NS
07-03-2025,1689.25,1701.150024,1677.599976,1682,6686457,HDFCBANK.NS
10-03-2025,1687.5,1699.900024,1683.050049,1689,7802025,HDFCBANK.NS
11-03-2025,1685.5,1694,1670.050049,1682.400024,9949215,HDFCBANK.NS
12-03-2025,1711.150024,1718.5,1691.550049,1691.550049,9392053,HDFCBANK.NS
13-03-2025,1706.599976,1720.800049,1700.050049,1716.050049,7868132,HDFCBANK.NS
17-03-2025,1710.400024,1724,1705,1705,9475326,HDFCBANK.NS
18-03-2025,1710.400024,1710.400024,1710.400024,1710.400024,0,HDFCBANK.NS
19-03-2025,1744.099976,1751,1732.199951,1735,7610703,HDFCBANK.NS
20-03-2025,1768.75,1774,1749.300049,1754,8916989,HDFCBANK.NS
21-03-2025,1770.349976,1774.099976,1755.550049,1755.550049,16754132,HDFCBANK.NS
24-03-2025,1800,1804.400024,1773.650024,1779,8696868,HDFCBANK.NS
25-03-2025,1821.449951,1843.699951,1801.5,1804.900024,19550708,HDFCBANK.NS
26-03-2025,1806.550049,1827.5,1802,1825,12239221,HDFCBANK.NS
27-03-2025,1825.349976,1841,1798.099976,1800,20829050,HDFCBANK.NS
28-03-2025,1828.199951,1836,1805.849976,1829,14386824,HDFCBANK.NS
01-04-2024,1090.26416,1093.535921,1085.108471,1086.694912,10848191,ICICIBANK.NS
02-04-2024,1071.971558,1085.108465,1070.03825,1085.108465,14380396,ICICIBANK.NS
03-04-2024,1068.005737,1074.400757,1063.098035,1065.824563,15477184,ICICIBANK.NS
04-04-2024,1069.641602,1076.532353,1054.373022,1075.491267,21419689,ICICIBANK.NS
05-04-2024,1074.152832,1076.730616,1058.338898,1060.867181,15340637,ICICIBANK.NS
08-04-2024,1077.87085,1082.431563,1067.113482,1069.145912,8023461,ICICIBANK.NS
09-04-2024,1097.601074,1105.731037,1079.011111,1082.62986,12298463,ICICIBANK.NS
10-04-2024,1099.930908,1107.019905,1095.717183,1101.467606,10598000,ICICIBANK.NS
12-04-2024,1094.973633,1102.359996,1086.447061,1094.08129,12216657,ICICIBANK.NS
15-04-2024,1069.145874,1096.70864,1067.410811,1090.809352,10526597,ICICIBANK.NS
16-04-2024,1057.942383,1065.427868,1053.629415,1061.412509,11278092,ICICIBANK.NS
18-04-2024,1046.441284,1068.848481,1041.483961,1064.833001,16564216,ICICIBANK.NS
19-04-2024,1058.140625,1062.850082,1039.154053,1043.962632,11284433,ICICIBANK.NS
22-04-2024,1077.375122,1079.407552,1061.214199,1069.592149,10346714,ICICIBANK.NS
23-04-2024,1080.944336,1090.611116,1073.458729,1090.611116,9848215,ICICIBANK.NS
24-04-2024,1087.388916,1089.024857,1079.705065,1082.927325,5461309,ICICIBANK.NS
25-04-2024,1104.243774,1116.042228,1080.646867,1080.696489,19905338,ICICIBANK.NS
26-04-2024,1098.443726,1110.440424,1093.337658,1102.65745,14190059,ICICIBANK.NS
29-04-2024,1150.247803,1153.519564,1098.443772,1098.542894,28578063,ICICIBANK.NS
30-04-2024,1140.580933,1159.567504,1136.962063,1150.049347,29568491,ICICIBANK.NS
02-05-2024,1129.724365,1145.637422,1123.577333,1133.244113,25118334,ICICIBANK.NS
03-05-2024,1132.302246,1147.521204,1125.758483,1131.558648,19933604,ICICIBANK.NS
06-05-2024,1136.515991,1148.56219,1128.385908,1131.806534,14970524,ICICIBANK.NS
07-05-2024,1122.238892,1142.910906,1116.686714,1138.151827,15097728,ICICIBANK.NS
08-05-2024,1113.414795,1122.337977,1106.524164,1116.934543,19913090,ICICIBANK.NS
09-05-2024,1106.177124,1119.214909,1100.525824,1110.985825,12229853,ICICIBANK.NS
10-05-2024,1107.515625,1119.264457,1102.558302,1108.457468,8573656,ICICIBANK.NS
13-05-2024,1118.372192,1120.999598,1097.253946,1102.905367,9707983,ICICIBANK.NS
14-05-2024,1110.98584,1118.273081,1109.00291,1116.290152,8944262,ICICIBANK.NS
15-05-2024,1114.753296,1118.173922,1103.995928,1112.5225,10743423,ICICIBANK.NS
16-05-2024,1121.396118,1126.849174,1103.301889,1123.329426,14265565,ICICIBANK.NS
17-05-2024,1120.85083,1134.235603,1111.035305,1121.396184,8641784,ICICIBANK.NS
21-05-2024,1111.382324,1124.122743,1106.722488,1112.621655,10452900,ICICIBANK.NS
22-05-2024,1101.616333,1116.290058,1088.727293,1115.397716,17527411,ICICIBANK.NS
23-05-2024,1124.81665,1127.295312,1101.913841,1106.028444,13787687,ICICIBANK.NS
24-05-2024,1122.28833,1125.312346,1114.554979,1120.355022,6312670,ICICIBANK.NS
27-05-2024,1120.15686,1138.003225,1111.977277,1122.238912,11599857,ICICIBANK.NS
28-05-2024,1117.331055,1125.510638,1115.397747,1122.833732,9311718,ICICIBANK.NS
29-05-2024,1092.594116,1113.960229,1089.12399,1105.532779,19268547,ICICIBANK.NS
30-05-2024,1104.194214,1111.431955,1087.537679,1087.636801,15255387,ICICIBANK.NS
31-05-2024,1111.481567,1120.949983,1101.765165,1108.457552,26197718,ICICIBANK.NS
03-06-2024,1150.098999,1162.98804,1126.601335,1160.013646,25699977,ICICIBANK.NS
04-06-2024,1062.30481,1149.504203,1044.557688,1148.017006,43476837,ICICIBANK.NS
05-06-2024,1099.187378,1113.662739,1042.079035,1075.739213,42172104,ICICIBANK.NS
06-06-2024,1100.922363,1108.45747,1087.240103,1108.45747,18574162,ICICIBANK.NS
07-06-2024,1112.125854,1118.669618,1094.180368,1100.922377,17197635,ICICIBANK.NS
10-06-2024,1114.208008,1123.527679,1105.582193,1106.474535,10851455,ICICIBANK.NS
11-06-2024,1108.655762,1119.41325,1101.517264,1110.19258,12250002,ICICIBANK.NS
12-06-2024,1109.994385,1123.726147,1102.508778,1111.43196,16096514,ICICIBANK.NS
13-06-2024,1097.898438,1113.613129,1095.56852,1112.621664,12494254,ICICIBANK.NS
14-06-2024,1096.212891,1104.491596,1090.065737,1104.491596,11377979,ICICIBANK.NS
18-06-2024,1113.266113,1125.362055,1091.800878,1104.442053,18306176,ICICIBANK.NS
19-06-2024,1134.681641,1155.601641,1116.537911,1118.322474,34309514,ICICIBANK.NS
20-06-2024,1146.926392,1150.09903,1125.808145,1144.199864,15475933,ICICIBANK.NS
21-06-2024,1148.76062,1159.914598,1140.828902,1153.618821,69259425,ICICIBANK.NS
24-06-2024,1160.112793,1165.61547,1142.811783,1144.794712,12210295,ICICIBANK.NS
25-06-2024,1187.725098,1195.706437,1157.68379,1160.261574,27309845,ICICIBANK.NS
26-06-2024,1207.604004,1212.412583,1183.660107,1191.740569,25403461,ICICIBANK.NS
27-06-2024,1209.487793,1224.458886,1198.779926,1217.865621,20516632,ICICIBANK.NS
28-06-2024,1189.360962,1216.527117,1186.138702,1216.527117,12507092,ICICIBANK.NS
01-07-2024,1201.50647,1204.976596,1181.875541,1189.361027,8636894,ICICIBANK.NS
02-07-2024,1180.437866,1206.612559,1175.431042,1206.612559,16153925,ICICIBANK.NS
03-07-2024,1191.343872,1205.472243,1169.382906,1186.634415,22330897,ICICIBANK.NS
04-07-2024,1222.475952,1224.40926,1203.935611,1218.510093,15275791,ICICIBANK.NS
05-07-2024,1222.872559,1231.993985,1210.429628,1214.544231,9535575,ICICIBANK.NS
08-07-2024,1224.508545,1228.920514,1206.513436,1218.411013,6617190,ICICIBANK.NS
09-07-2024,1237.595825,1239.529133,1218.807617,1224.409296,13366874,ICICIBANK.NS
10-07-2024,1232.588867,1242.057403,1225.797358,1242.057403,18226503,ICICIBANK.NS
11-07-2024,1227.879395,1247.064333,1214.593865,1235.71199,11307116,ICICIBANK.NS
12-07-2024,1222.376831,1242.206125,1219.600682,1225.351225,12208290,ICICIBANK.NS
15-07-2024,1219.451904,1227.879354,1213.60236,1222.575042,15612671,ICICIBANK.NS
16-07-2024,1229.317017,1234.373462,1218.510028,1219.501493,12320605,ICICIBANK.NS
18-07-2024,1239.628296,1245.725707,1221.186957,1224.359716,10999632,ICICIBANK.NS
19-07-2024,1237.992432,1239.826617,1229.664104,1233.382097,7958817,ICICIBANK.NS
22-07-2024,1230.556396,1234.670999,1222.376813,1229.416188,9958965,ICICIBANK.NS
23-07-2024,1216.279297,1237.992398,1202.150925,1230.556412,19369832,ICICIBANK.NS
24-07-2024,1212.561279,1223.120402,1191.790143,1214.544209,20122521,ICICIBANK.NS
25-07-2024,1187.675537,1207.851819,1180.437797,1195.210644,14154461,ICICIBANK.NS
26-07-2024,1196.896118,1209.586915,1175.827494,1179.842974,19309265,ICICIBANK.NS
29-07-2024,1202.349121,1232.142682,1193.872171,1204.778282,28458261,ICICIBANK.NS
30-07-2024,1199.126953,1220.344322,1194.120129,1202.646701,23972277,ICICIBANK.NS
31-07-2024,1204.530518,1214.197299,1200.663781,1208.595499,22297629,ICICIBANK.NS
01-08-2024,1199.771362,1212.214292,1196.598724,1202.150902,8725046,ICICIBANK.NS
02-08-2024,1186.337158,1191.393604,1179.942138,1186.783269,10735395,ICICIBANK.NS
05-08-2024,1162.591431,1178.752353,1157.039253,1171.911223,14306771,ICICIBANK.NS
06-08-2024,1156.890503,1177.562517,1151.586191,1164.970964,13575619,ICICIBANK.NS
07-08-2024,1162.442749,1169.730111,1151.685381,1168.88727,15753644,ICICIBANK.NS
08-08-2024,1154.65979,1164.376193,1149.00849,1156.989708,10806438,ICICIBANK.NS
09-08-2024,1161.599976,1170.870146,1159.022192,1166.507798,8687307,ICICIBANK.NS
12-08-2024,1172.800049,1178.25,1156,1171,10860455,ICICIBANK.NS
13-08-2024,1168.349976,1189.25,1163.599976,1183.199951,13117927,ICICIBANK.NS
14-08-2024,1161.650024,1170.050049,1153,1167,13431801,ICICIBANK.NS
16-08-2024,1187.25,1193,1165.650024,1170,10961370,ICICIBANK.NS
19-08-2024,1175.900024,1195.75,1173.300049,1191,6686394,ICICIBANK.NS
20-08-2024,1179.449951,1189.800049,1170,1174.199951,10427061,ICICIBANK.NS
21-08-2024,1174.849976,1178.650024,1165.099976,1177,17234142,ICICIBANK.NS
22-08-2024,1191.099976,1192.599976,1176.599976,1182,8564142,ICICIBANK.NS
23-08-2024,1203.5,1205,1188.550049,1193,7518309,ICICIBANK.NS
26-08-2024,1213.300049,1214.949951,1201.050049,1205.550049,10920226,ICICIBANK.NS
27-08-2024,1226.349976,1232.5,1208.900024,1213.300049,16295325,ICICIBANK.NS
28-08-2024,1223.849976,1226.400024,1217.300049,1222.650024,12291305,ICICIBANK.NS
29-08-2024,1221.900024,1235,1217,1218.949951,10806748,ICICIBANK.NS
30-08-2024,1229.199951,1235.550049,1218.900024,1230,21211148,ICICIBANK.NS
02-09-2024,1229.949951,1239.199951,1222.5,1239,12516759,ICICIBANK.NS
03-09-2024,1247.699951,1250.949951,1220.400024,1227.199951,19114907,ICICIBANK.NS
04-09-2024,1236.349976,1243.699951,1232.800049,1239.849976,13505843,ICICIBANK.NS
05-09-2024,1235.949951,1244.849976,1231.300049,1238,9142811,ICICIBANK.NS
06-09-2024,1208.150024,1233.900024,1205,1225.949951,10170479,ICICIBANK.NS
09-09-2024,1235,1238.300049,1200.449951,1202.900024,13863250,ICICIBANK.NS
10-09-2024,1237.300049,1241.349976,1227,1236.949951,15545130,ICICIBANK.NS
11-09-2024,1236.349976,1239.300049,1226.400024,1231.5,11993242,ICICIBANK.NS
12-09-2024,1252.150024,1257,1226.349976,1238,15376442,ICICIBANK.NS
13-09-2024,1250.349976,1255.949951,1242.050049,1252,9877288,ICICIBANK.NS
16-09-2024,1262.849976,1265.599976,1244.699951,1251,8973335,ICICIBANK.NS
17-09-2024,1268.099976,1272.25,1258.400024,1259.949951,11513121,ICICIBANK.NS
18-09-2024,1288.349976,1295.349976,1262,1262,12466597,ICICIBANK.NS
19-09-2024,1292,1300,1285.349976,1288.349976,13172268,ICICIBANK.NS
20-09-2024,1338.449951,1362.349976,1291.550049,1295,73257767,ICICIBANK.NS
23-09-2024,1321.900024,1331.800049,1308.5,1331,11380409,ICICIBANK.NS
24-09-2024,1318.599976,1331.400024,1315.449951,1321,13886037,ICICIBANK.NS
25-09-2024,1323.849976,1327.75,1310.099976,1310.75,8728019,ICICIBANK.NS
26-09-2024,1329.050049,1333.349976,1316.900024,1320,11100869,ICICIBANK.NS
27-09-2024,1306.599976,1333,1303.849976,1333,17117379,ICICIBANK.NS
30-09-2024,1273,1296.800049,1270.900024,1292.099976,12622212,ICICIBANK.NS
01-10-2024,1274.400024,1280.25,1267.599976,1269.800049,10972413,ICICIBANK.NS
03-10-2024,1256.349976,1265.75,1248.150024,1253.599976,17648551,ICICIBANK.NS
04-10-2024,1239.75,1264.400024,1236.199951,1247.099976,13488887,ICICIBANK.NS
07-10-2024,1233.900024,1262.949951,1225,1241.550049,20667247,ICICIBANK.NS
08-10-2024,1236.599976,1247.800049,1229.75,1241,12219259,ICICIBANK.NS
09-10-2024,1244.150024,1265.099976,1232.650024,1243.050049,14765997,ICICIBANK.NS
10-10-2024,1243.5,1254.699951,1238,1246.75,9118195,ICICIBANK.NS
11-10-2024,1223,1240.800049,1222,1237,8472512,ICICIBANK.NS
14-10-2024,1231.75,1237.900024,1217.400024,1221,11833929,ICICIBANK.NS
15-10-2024,1255.5,1258.300049,1235.400024,1238.949951,11657338,ICICIBANK.NS
16-10-2024,1243.150024,1254.949951,1241.599976,1248.5,7869727,ICICIBANK.NS
17-10-2024,1231.25,1256.949951,1224.400024,1249.449951,8459497,ICICIBANK.NS
18-10-2024,1264.5,1268.900024,1225.25,1227.949951,11018126,ICICIBANK.NS
21-10-2024,1259.050049,1272.349976,1250.550049,1264.5,7742775,ICICIBANK.NS
22-10-2024,1267.5,1284.900024,1259.75,1266.599976,20090801,ICICIBANK.NS
23-10-2024,1251.599976,1267.949951,1243.050049,1261,14055447,ICICIBANK.NS
24-10-2024,1252.75,1260.449951,1241.050049,1250.25,12223031,ICICIBANK.NS
25-10-2024,1255.449951,1268.900024,1234.199951,1247.25,13546055,ICICIBANK.NS
28-10-2024,1292.849976,1307.800049,1280.599976,1285.5,24096412,ICICIBANK.NS
29-10-2024,1331.849976,1335.349976,1299.25,1301.349976,20656117,ICICIBANK.NS
30-10-2024,1312.150024,1330.900024,1305.599976,1324,15055031,ICICIBANK.NS
31-10-2024,1292.25,1318.949951,1288.550049,1307.25,23497314,ICICIBANK.NS
01-11-2024,1291.800049,1296.199951,1286.25,1289.949951,1007022,ICICIBANK.NS
04-11-2024,1277.199951,1291.800049,1270.050049,1290.099976,14309121,ICICIBANK.NS
05-11-2024,1296.699951,1301.300049,1263.099976,1273,16431920,ICICIBANK.NS
06-11-2024,1302.349976,1315,1292.699951,1300.25,12037405,ICICIBANK.NS
07-11-2024,1278.699951,1302.800049,1275.25,1297.150024,9909035,ICICIBANK.NS
08-11-2024,1258.849976,1275,1252.699951,1270,11195808,ICICIBANK.NS
11-11-2024,1269.300049,1275.900024,1246.650024,1262,8387780,ICICIBANK.NS
12-11-2024,1270.599976,1295,1264.5,1276.150024,13486168,ICICIBANK.NS
13-11-2024,1253.699951,1276.25,1250,1270.599976,12260404,ICICIBANK.NS
14-11-2024,1256.949951,1267.699951,1243.050049,1253.75,9506892,ICICIBANK.NS
18-11-2024,1253.449951,1262.599976,1249.400024,1260,6195554,ICICIBANK.NS
19-11-2024,1249.099976,1261,1240.849976,1257.050049,11537317,ICICIBANK.NS
21-11-2024,1250.550049,1256.900024,1232.550049,1248.550049,9593870,ICICIBANK.NS
22-11-2024,1278.050049,1281.400024,1256,1258,11604338,ICICIBANK.NS
25-11-2024,1300.949951,1311.199951,1290,1296,22717581,ICICIBANK.NS
26-11-2024,1304.949951,1314.25,1302.449951,1310.599976,7646955,ICICIBANK.NS
27-11-2024,1300.699951,1310.849976,1297.849976,1298.5,21938082,ICICIBANK.NS
28-11-2024,1286.349976,1310.5,1282.300049,1301.050049,22803745,ICICIBANK.NS
29-11-2024,1300.099976,1303.25,1283.099976,1283.099976,11397228,ICICIBANK.NS
02-12-2024,1304.650024,1310.550049,1289.150024,1299.900024,9626400,ICICIBANK.NS
03-12-2024,1308.400024,1312.800049,1296.099976,1303.949951,11509276,ICICIBANK.NS
04-12-2024,1316.050049,1320,1301.699951,1302.599976,11570281,ICICIBANK.NS
05-12-2024,1336.5,1342.900024,1308.599976,1316.25,19210697,ICICIBANK.NS
06-12-2024,1328.75,1347.099976,1326.699951,1342.5,8942672,ICICIBANK.NS
09-12-2024,1322.300049,1329.050049,1320.25,1322.099976,8000764,ICICIBANK.NS
10-12-2024,1330.449951,1332,1315.25,1319,8218214,ICICIBANK.NS
11-12-2024,1327.5,1331.25,1316,1324.699951,8138066,ICICIBANK.NS
12-12-2024,1329.25,1338.75,1321.550049,1321.550049,9076896,ICICIBANK.NS
13-12-2024,1344.900024,1347.150024,1313.5,1325.349976,13536684,ICICIBANK.NS
16-12-2024,1346.099976,1350.449951,1340.050049,1344.900024,9071006,ICICIBANK.NS
17-12-2024,1333.75,1348.099976,1326.050049,1342,9879257,ICICIBANK.NS
18-12-2024,1314.150024,1334.949951,1307.449951,1325.25,8510595,ICICIBANK.NS
19-12-2024,1286.900024,1303,1284.449951,1286,11517304,ICICIBANK.NS
20-12-2024,1288.400024,1297.75,1272.400024,1283.949951,58491181,ICICIBANK.NS
23-12-2024,1296.800049,1307,1287.050049,1294.650024,6827512,ICICIBANK.NS
24-12-2024,1297.25,1304.5,1290.25,1296.800049,7138516,ICICIBANK.NS
26-12-2024,1297.349976,1312.75,1289.199951,1307,7338444,ICICIBANK.NS
27-12-2024,1307.550049,1315.949951,1298.550049,1298.550049,4756066,ICICIBANK.NS
30-12-2024,1294.650024,1326.5,1289.449951,1304.949951,14207425,ICICIBANK.NS
31-12-2024,1281.650024,1289.949951,1280.099976,1286.900024,8449607,ICICIBANK.NS
01-01-2025,1283.650024,1293,1267.099976,1281.650024,4705399,ICICIBANK.NS
02-01-2025,1290.599976,1293.400024,1278.400024,1285.099976,7433222,ICICIBANK.NS
03-01-2025,1265.050049,1288,1262.25,1286.199951,11194997,ICICIBANK.NS
06-01-2025,1264.099976,1277.75,1257,1268.050049,7504047,ICICIBANK.NS
07-01-2025,1279.25,1288.949951,1266.5,1266.5,7539758,ICICIBANK.NS
08-01-2025,1263.75,1285,1252.349976,1280.550049,7566309,ICICIBANK.NS
09-01-2025,1262.400024,1264.75,1248.099976,1258,8684920,ICICIBANK.NS
10-01-2025,1249.849976,1264.949951,1243.099976,1259,7854524,ICICIBANK.NS
13-01-2025,1229.75,1243.949951,1224.900024,1234.900024,9669336,ICICIBANK.NS
14-01-2025,1240.300049,1244.849976,1227.449951,1233.349976,10342698,ICICIBANK.NS
15-01-2025,1238.25,1244.400024,1230,1234,5355382,ICICIBANK.NS
16-01-2025,1249.099976,1255.5,1239.650024,1245.099976,11895924,ICICIBANK.NS
17-01-2025,1225.449951,1249,1218,1243.349976,9790533,ICICIBANK.NS
20-01-2025,1232.949951,1241.75,1215.25,1223.900024,7676418,ICICIBANK.NS
21-01-2025,1196.150024,1238.949951,1192.699951,1236.949951,20520898,ICICIBANK.NS
22-01-2025,1200.449951,1207.5,1191.800049,1201,10377123,ICICIBANK.NS
23-01-2025,1201.75,1207.900024,1186,1197.25,8770650,ICICIBANK.NS
24-01-2025,1209.199951,1218,1202,1203.099976,9216792,ICICIBANK.NS
27-01-2025,1227.949951,1234.650024,1193.099976,1195,16164687,ICICIBANK.NS
28-01-2025,1246.900024,1264,1236,1247.349976,18066499,ICICIBANK.NS
29-01-2025,1251.650024,1255.800049,1243.050049,1252,7666777,ICICIBANK.NS
30-01-2025,1255.599976,1259.849976,1239.5,1250,11921041,ICICIBANK.NS
31-01-2025,1252.800049,1256,1239.099976,1254.5,10195417,ICICIBANK.NS
01-02-2025,1255.550049,1261.349976,1233.800049,1251.150024,3011914,ICICIBANK.NS
03-02-2025,1253,1260,1237.800049,1246.849976,6176831,ICICIBANK.NS
04-02-2025,1268.199951,1280.5,1260,1262.800049,14839077,ICICIBANK.NS
05-02-2025,1267.699951,1277.75,1265.150024,1270.199951,6840709,ICICIBANK.NS
06-02-2025,1272.400024,1279,1263.199951,1275,8396554,ICICIBANK.NS
07-02-2025,1256.900024,1275,1249.550049,1272,7382039,ICICIBANK.NS
10-02-2025,1262.599976,1265,1249.349976,1257.199951,5740361,ICICIBANK.NS
11-02-2025,1252.75,1261.849976,1248.400024,1255.849976,6586627,ICICIBANK.NS
12-02-2025,1251.800049,1269.75,1244.650024,1257.199951,8809352,ICICIBANK.NS
13-02-2025,1248.900024,1266,1245.900024,1252.550049,7263785,ICICIBANK.NS
14-02-2025,1260.099976,1263.5,1244.449951,1252.099976,10368438,ICICIBANK.NS
17-02-2025,1251.150024,1258.150024,1233.25,1251.150024,8386151,ICICIBANK.NS
18-02-2025,1243.050049,1257.599976,1237.050049,1252.900024,8135042,ICICIBANK.NS
19-02-2025,1261.650024,1264.449951,1230.25,1234.849976,10683412,ICICIBANK.NS
20-02-2025,1249.949951,1264,1246.75,1255.349976,8398849,ICICIBANK.NS
21-02-2025,1232.949951,1244.699951,1224.550049,1241.099976,7786428,ICICIBANK.NS
24-02-2025,1218.349976,1231.900024,1210.25,1226.699951,11522480,ICICIBANK.NS
25-02-2025,1224.150024,1231.650024,1221,1226.599976,11059417,ICICIBANK.NS
27-02-2025,1222.449951,1234.849976,1218.449951,1225.150024,12008162,ICICIBANK.NS
28-02-2025,1204.099976,1225,1200.099976,1216,20215075,ICICIBANK.NS
03-03-2025,1206.199951,1217,1204.150024,1210.5,8158881,ICICIBANK.NS
04-03-2025,1210.400024,1216.650024,1206.25,1207.150024,9574490,ICICIBANK.NS
05-03-2025,1215.699951,1225.949951,1211.300049,1217,9052846,ICICIBANK.NS
06-03-2025,1218.050049,1227.949951,1209,1227.949951,11949475,ICICIBANK.NS
07-03-2025,1214.550049,1217.849976,1206.300049,1211.099976,6620284,ICICIBANK.NS
10-03-2025,1214.849976,1225.800049,1208,1208,7363437,ICICIBANK.NS
11-03-2025,1245.400024,1248,1217.199951,1217.199951,10927950,ICICIBANK.NS
12-03-2025,1243.949951,1251.949951,1235.300049,1246.949951,11548372,ICICIBANK.NS
13-03-2025,1250.050049,1255.599976,1245.300049,1251.050049,8132940,ICICIBANK.NS
17-03-2025,1269,1273.949951,1254.75,1257.050049,11164812,ICICIBANK.NS
18-03-2025,1269,1269,1269,1269,0,ICICIBANK.NS
19-03-2025,1313.099976,1318.300049,1302.150024,1305.599976,11278014,ICICIBANK.NS
20-03-2025,1321.699951,1324.25,1311.050049,1320,10886735,ICICIBANK.NS
21-03-2025,1343.099976,1349,1311.599976,1316,60494318,ICICIBANK.NS
24-03-2025,1358.150024,1373,1345.050049,1355.949951,9352280,ICICIBANK.NS
25-03-2025,1343.699951,1363.800049,1330.050049,1359,16419207,ICICIBANK.NS
26-03-2025,1335.900024,1358,1331.5,1344.050049,10859639,ICICIBANK.NS
27-03-2025,1336.650024,1351.5,1333.150024,1333.150024,15109614,ICICIBANK.NS
28-03-2025,1348.349976,1357.949951,1327.199951,1336,8266544,ICICIBANK.NS
01-04-2024,1052.287842,1062.929653,1048.09113,1051.53842,5484556,AXISBANK.NS
02-04-2024,1046.392334,1055.035687,1039.397732,1050.189452,13617893,AXISBANK.NS
03-04-2024,1062.430054,1069.474666,1042.945092,1042.995102,11573590,AXISBANK.NS
04-04-2024,1062.130249,1079.866561,1058.333253,1069.174861,17964844,AXISBANK.NS
05-04-2024,1058.283203,1062.18022,1047.291686,1060.281661,9210187,AXISBANK.NS
08-04-2024,1075.220215,1078.617495,1062.729855,1066.177145,4967186,AXISBANK.NS
09-04-2024,1079.167114,1089.159402,1070.523761,1089.159402,11385226,AXISBANK.NS
10-04-2024,1086.961182,1092.157123,1079.167148,1085.362318,9064074,AXISBANK.NS
12-04-2024,1072.622192,1095.554568,1070.274029,1078.667576,18045983,AXISBANK.NS
15-04-2024,1057.134155,1070.174141,1054.436286,1062.280208,8889435,AXISBANK.NS
16-04-2024,1051.088867,1057.03423,1043.54464,1049.140298,7107881,AXISBANK.NS
18-04-2024,1023.210327,1050.589222,1013.06813,1043.344813,17832438,AXISBANK.NS
19-04-2024,1028.306396,1036.150319,994.9321891,1014.217294,21598007,AXISBANK.NS
22-04-2024,1053.137207,1057.683747,1031.204182,1038.198784,9410832,AXISBANK.NS
23-04-2024,1054.935791,1059.432321,1047.94119,1057.184056,8300012,AXISBANK.NS
24-04-2024,1062.430054,1068.125609,1055.185645,1055.185645,5641163,AXISBANK.NS
25-04-2024,1126.130859,1133.075451,1085.262377,1099.151682,46136295,AXISBANK.NS
26-04-2024,1129.428345,1140.46975,1122.133926,1129.128527,10133766,AXISBANK.NS
29-04-2024,1158.356079,1163.102416,1124.432307,1129.428452,15183242,AXISBANK.NS
30-04-2024,1165.000977,1181.987868,1154.259266,1159.25541,18965164,AXISBANK.NS
02-05-2024,1148.963257,1173.094658,1147.114708,1155.108539,12302236,AXISBANK.NS
03-05-2024,1140.619751,1162.352979,1133.225433,1150.012527,9993632,AXISBANK.NS
06-05-2024,1142.768066,1155.108518,1134.774236,1143.017874,7490104,AXISBANK.NS
07-05-2024,1126.830322,1147.914149,1123.183235,1145.166269,7115509,AXISBANK.NS
08-05-2024,1127.779663,1134.574346,1117.387659,1123.782748,8175609,AXISBANK.NS
09-05-2024,1114.789673,1133.675122,1111.34226,1121.134752,5226693,AXISBANK.NS
10-05-2024,1119.236206,1139.120884,1112.491411,1122.833406,7242718,AXISBANK.NS
13-05-2024,1131.127075,1134.524478,1104.197906,1119.236227,5513160,AXISBANK.NS
14-05-2024,1121.984131,1135.223914,1117.237794,1129.078632,5471143,AXISBANK.NS
15-05-2024,1127.180176,1130.327649,1117.73739,1124.682104,5436338,AXISBANK.NS
16-05-2024,1138.421509,1143.067825,1110.4431,1133.275456,10750526,AXISBANK.NS
17-05-2024,1140.469849,1145.116287,1125.231608,1131.127083,9909986,AXISBANK.NS
21-05-2024,1136.772705,1144.866434,1128.329148,1135.123953,8162017,AXISBANK.NS
22-05-2024,1125.131714,1141.119376,1117.087873,1141.119376,9094033,AXISBANK.NS
23-05-2024,1164.35144,1168.748072,1124.8819,1125.131707,12818081,AXISBANK.NS
24-05-2024,1173.094604,1176.092291,1159.704914,1164.60116,8814997,AXISBANK.NS
27-05-2024,1186.084595,1195.077654,1167.099247,1177.990866,10450046,AXISBANK.NS
28-05-2024,1182.487427,1191.480486,1178.090795,1187.083855,4018776,AXISBANK.NS
29-05-2024,1158.855591,1184.985448,1155.108483,1171.096144,9418064,AXISBANK.NS
30-05-2024,1167.049316,1178.890276,1154.109351,1154.309148,7232217,AXISBANK.NS
31-05-2024,1161.253784,1177.091536,1152.510532,1172.095392,10057642,AXISBANK.NS
03-06-2024,1222.956177,1241.241991,1192.479698,1196.126907,22197339,AXISBANK.NS
04-06-2024,1130.377563,1223.056033,1100.700517,1223.056033,24135989,AXISBANK.NS
05-06-2024,1183.586548,1192.079993,1109.843411,1137.122407,21039499,AXISBANK.NS
06-06-2024,1170.046997,1194.977831,1162.352984,1191.180712,12006879,AXISBANK.NS
07-06-2024,1185.884888,1194.278313,1165.8503,1177.091625,8583998,AXISBANK.NS
10-06-2024,1199.074585,1211.465047,1184.086153,1184.086153,9995057,AXISBANK.NS
11-06-2024,1193.678711,1208.417336,1189.531887,1203.52109,9390212,AXISBANK.NS
12-06-2024,1186.984009,1205.219936,1183.18689,1191.180721,7199718,AXISBANK.NS
13-06-2024,1173.744141,1201.073024,1172.544993,1200.873227,5321148,AXISBANK.NS
14-06-2024,1180.139282,1183.736482,1169.097755,1180.039262,4451031,AXISBANK.NS
18-06-2024,1190.980835,1193.079191,1180.239125,1193.079191,6837181,AXISBANK.NS
19-06-2024,1225.704102,1242.391175,1184.58581,1192.080026,17987437,AXISBANK.NS
20-06-2024,1238.544189,1240.542647,1219.458942,1229.151414,8206858,AXISBANK.NS
21-06-2024,1236.495728,1245.039183,1222.806341,1245.039183,29311314,AXISBANK.NS
24-06-2024,1227.152954,1234.797079,1224.105379,1230.050742,6676530,AXISBANK.NS
25-06-2024,1270.469482,1277.763902,1225.05458,1233.498015,17607952,AXISBANK.NS
26-06-2024,1284.408813,1291.952918,1258.228944,1280.112081,13956370,AXISBANK.NS
27-06-2024,1287.955933,1308.989748,1279.012884,1308.989748,22311393,AXISBANK.NS
28-06-2024,1264.274292,1288.905307,1260.627082,1282.110502,7167069,AXISBANK.NS
01-07-2024,1260.92688,1272.018295,1255.48101,1272.018295,5797015,AXISBANK.NS
02-07-2024,1252.433472,1266.87228,1237.29513,1264.024502,9945447,AXISBANK.NS
03-07-2024,1279.012939,1287.606283,1242.640985,1259.028362,15171347,AXISBANK.NS
04-07-2024,1279.912231,1292.002876,1267.52177,1287.006732,4817380,AXISBANK.NS
05-07-2024,1286.057495,1294.401031,1269.919925,1271.019053,8593502,AXISBANK.NS
08-07-2024,1286.856812,1296.399496,1278.613174,1284.009034,4216951,AXISBANK.NS
09-07-2024,1288.40564,1294.001297,1278.213433,1283.00978,6930340,AXISBANK.NS
10-07-2024,1290.653931,1293.002094,1274.166655,1283.209603,9020489,AXISBANK.NS
11-07-2024,1295.75,1300.396439,1275.96522,1300.046733,7848846,AXISBANK.NS
12-07-2024,1317.300049,1339.650024,1293.900024,1293.900024,11278987,AXISBANK.NS
15-07-2024,1307.449951,1324.400024,1305,1316.699951,11537127,AXISBANK.NS
16-07-2024,1304,1318.449951,1299.699951,1307.449951,5433264,AXISBANK.NS
18-07-2024,1309.400024,1318.599976,1294.5,1300,6787511,AXISBANK.NS
19-07-2024,1292.349976,1309,1288.199951,1305.650024,4496066,AXISBANK.NS
22-07-2024,1282.5,1292.349976,1278.199951,1283.349976,6695557,AXISBANK.NS
23-07-2024,1263.25,1291.099976,1251,1288.5,8789327,AXISBANK.NS
24-07-2024,1239.25,1267.349976,1226.650024,1262.900024,10344860,AXISBANK.NS
25-07-2024,1175.900024,1200,1155.5,1200,32979871,AXISBANK.NS
26-07-2024,1177.349976,1183.150024,1155.25,1165,18554648,AXISBANK.NS
29-07-2024,1170.050049,1194.599976,1163.650024,1182.349976,19598573,AXISBANK.NS
30-07-2024,1170,1180,1160.199951,1164.099976,18090045,AXISBANK.NS
31-07-2024,1166.099976,1171,1154,1157,17347076,AXISBANK.NS
01-08-2024,1172.300049,1175.650024,1165.449951,1168,11190500,AXISBANK.NS
02-08-2024,1160.849976,1167.800049,1156.099976,1164,10581445,AXISBANK.NS
05-08-2024,1133.5,1151.449951,1124.300049,1142,12013362,AXISBANK.NS
06-08-2024,1126.099976,1151,1123.099976,1140,8571122,AXISBANK.NS
07-08-2024,1136.800049,1144.800049,1127,1138.800049,8370312,AXISBANK.NS
08-08-2024,1138.150024,1142.800049,1126,1133.099976,7903428,AXISBANK.NS
09-08-2024,1142.75,1155.699951,1139.949951,1152,6262086,AXISBANK.NS
12-08-2024,1164.300049,1169.099976,1135.849976,1146,9078384,AXISBANK.NS
13-08-2024,1159.599976,1179.599976,1155.400024,1161.349976,6180463,AXISBANK.NS
14-08-2024,1153.099976,1159,1148.650024,1159,5021841,AXISBANK.NS
16-08-2024,1166.849976,1170,1149.599976,1166.400024,6107134,AXISBANK.NS
19-08-2024,1153.25,1171.300049,1150.199951,1169,6691823,AXISBANK.NS
20-08-2024,1168,1177,1154.650024,1158,6721749,AXISBANK.NS
21-08-2024,1174.400024,1178,1161.5,1166.599976,9480630,AXISBANK.NS
22-08-2024,1169.949951,1181,1168.949951,1179.699951,5841326,AXISBANK.NS
23-08-2024,1165.949951,1173.949951,1163.5,1170,5121962,AXISBANK.NS
26-08-2024,1170.300049,1175.25,1166.099976,1171.699951,3392612,AXISBANK.NS
27-08-2024,1181.25,1184.849976,1164.25,1170,8702113,AXISBANK.NS
28-08-2024,1170.949951,1181.699951,1169.349976,1177,5483503,AXISBANK.NS
29-08-2024,1175.400024,1179.900024,1163.400024,1169,7290114,AXISBANK.NS
30-08-2024,1175.25,1182.949951,1171.849976,1177,10190506,AXISBANK.NS
02-09-2024,1188.800049,1194,1174.099976,1176,6432362,AXISBANK.NS
03-09-2024,1191.599976,1193.550049,1176.699951,1188,7920246,AXISBANK.NS
04-09-2024,1177.699951,1189.650024,1173.300049,1182.699951,6527941,AXISBANK.NS
05-09-2024,1180.550049,1182.849976,1173.449951,1182,4234766,AXISBANK.NS
06-09-2024,1158.75,1181.349976,1150.800049,1176,9874576,AXISBANK.NS
09-09-2024,1170.849976,1175.599976,1145,1158,7700940,AXISBANK.NS
10-09-2024,1187.199951,1190.849976,1173.349976,1178.900024,8723854,AXISBANK.NS
11-09-2024,1186.099976,1194.849976,1181,1187.199951,6000329,AXISBANK.NS
12-09-2024,1203.349976,1205.699951,1176.75,1190.099976,7592871,AXISBANK.NS
13-09-2024,1217.449951,1219.550049,1201,1209.900024,6762566,AXISBANK.NS
16-09-2024,1231.050049,1234,1215,1222,4039284,AXISBANK.NS
17-09-2024,1232.099976,1240.599976,1227.599976,1235.199951,8030427,AXISBANK.NS
18-09-2024,1240.449951,1250.400024,1225,1231.900024,8210034,AXISBANK.NS
19-09-2024,1242.699951,1261.699951,1239,1248.449951,8449864,AXISBANK.NS
20-09-2024,1245,1250,1229.900024,1244,15009629,AXISBANK.NS
23-09-2024,1246.800049,1252.449951,1240.550049,1251.5,5462814,AXISBANK.NS
24-09-2024,1239.550049,1247.099976,1235.349976,1241.099976,9225946,AXISBANK.NS
25-09-2024,1268.099976,1271,1231.099976,1238,6853324,AXISBANK.NS
26-09-2024,1277.099976,1281.650024,1262.25,1267.550049,7270078,AXISBANK.NS
27-09-2024,1273.150024,1281.550049,1257.25,1273,13372027,AXISBANK.NS
30-09-2024,1232.199951,1275,1229.349976,1263.5,8466919,AXISBANK.NS
01-10-2024,1226.650024,1242.949951,1224.650024,1228.099976,11164280,AXISBANK.NS
03-10-2024,1175.699951,1219.150024,1173.099976,1207.5,17300892,AXISBANK.NS
04-10-2024,1178.400024,1202.800049,1174,1175.5,13064515,AXISBANK.NS
07-10-2024,1145.699951,1184.849976,1130.900024,1182.949951,20047013,AXISBANK.NS
08-10-2024,1153.300049,1168.349976,1142.5,1153,8464570,AXISBANK.NS
09-10-2024,1170.150024,1185,1154,1154,9807734,AXISBANK.NS
10-10-2024,1184.25,1191,1175.050049,1177,6806243,AXISBANK.NS
11-10-2024,1172.449951,1188.199951,1166,1182.5,4754158,AXISBANK.NS
14-10-2024,1164.349976,1175,1156.599976,1171.550049,9765296,AXISBANK.NS
15-10-2024,1153.849976,1172,1149.5,1166.099976,8741516,AXISBANK.NS
16-10-2024,1153.199951,1162.949951,1148.099976,1151,7739854,AXISBANK.NS
17-10-2024,1131.849976,1151.349976,1124,1151,6595231,AXISBANK.NS
18-10-2024,1196.849976,1203.849976,1156.050049,1158,20829666,AXISBANK.NS
21-10-2024,1190.300049,1214.800049,1185.550049,1196.849976,7456038,AXISBANK.NS
22-10-2024,1175.75,1198,1173.349976,1194.25,7256246,AXISBANK.NS
23-10-2024,1160.400024,1183.150024,1158.650024,1175.099976,6501834,AXISBANK.NS
24-10-2024,1167.349976,1175.199951,1154.650024,1165,5046700,AXISBANK.NS
25-10-2024,1189.349976,1201.75,1170,1187,12798716,AXISBANK.NS
28-10-2024,1171.599976,1194,1167.050049,1194,8572243,AXISBANK.NS
29-10-2024,1186.849976,1191.199951,1157.599976,1176.400024,9908946,AXISBANK.NS
30-10-2024,1170.400024,1187.650024,1164.300049,1178.75,9686560,AXISBANK.NS
31-10-2024,1159.550049,1178,1153.849976,1165.5,8682294,AXISBANK.NS
01-11-2024,1169.550049,1172.5,1164,1164.050049,460781,AXISBANK.NS
04-11-2024,1139.25,1176.949951,1135.449951,1172,9288653,AXISBANK.NS
05-11-2024,1171.699951,1174.900024,1133.449951,1138.949951,11701049,AXISBANK.NS
06-11-2024,1166.5,1183.550049,1161.449951,1171.800049,10353506,AXISBANK.NS
07-11-2024,1159.900024,1172.900024,1151.050049,1168.599976,6252889,AXISBANK.NS
08-11-2024,1160.949951,1167.75,1151.099976,1156,3786168,AXISBANK.NS
11-11-2024,1171,1176.800049,1142.949951,1152,6620678,AXISBANK.NS
12-11-2024,1158.150024,1187,1153.800049,1171.650024,9606088,AXISBANK.NS
13-11-2024,1139.150024,1165.5,1135.099976,1151.900024,8079113,AXISBANK.NS
14-11-2024,1140.699951,1150.75,1131.599976,1137.550049,5975873,AXISBANK.NS
18-11-2024,1126.199951,1135,1121.550049,1131.199951,9474971,AXISBANK.NS
19-11-2024,1133.949951,1139,1122.050049,1130,19225966,AXISBANK.NS
21-11-2024,1139.150024,1152,1115.75,1138,8126248,AXISBANK.NS
22-11-2024,1142.400024,1147.900024,1127.550049,1136.650024,16687505,AXISBANK.NS
25-11-2024,1155.900024,1164.5,1142,1160,12385823,AXISBANK.NS
26-11-2024,1144.800049,1159.599976,1142.650024,1157.099976,5127437,AXISBANK.NS
27-11-2024,1149.650024,1155.449951,1133.550049,1145.199951,5989943,AXISBANK.NS
28-11-2024,1132.5,1154.449951,1129.400024,1148.5,10731275,AXISBANK.NS
29-11-2024,1136.300049,1140.900024,1127.699951,1133.550049,6406277,AXISBANK.NS
02-12-2024,1137.099976,1141.400024,1126.599976,1132.699951,4785858,AXISBANK.NS
03-12-2024,1160.5,1164.900024,1138,1144.400024,8382042,AXISBANK.NS
04-12-2024,1159.449951,1168,1153.900024,1157.5,18379798,AXISBANK.NS
05-12-2024,1166.400024,1176.900024,1150.099976,1164,10640451,AXISBANK.NS
06-12-2024,1184.550049,1193.849976,1160,1167.5,7542210,AXISBANK.NS
09-12-2024,1163.25,1186,1161,1184.25,6308112,AXISBANK.NS
10-12-2024,1153.650024,1165.050049,1151.25,1157,4714389,AXISBANK.NS
11-12-2024,1147.25,1158.349976,1144.550049,1150,7788242,AXISBANK.NS
12-12-2024,1145.650024,1154.550049,1143.599976,1145,4825283,AXISBANK.NS
13-12-2024,1148.150024,1152.699951,1113.650024,1141,8731618,AXISBANK.NS
16-12-2024,1150.900024,1155,1141.75,1146.5,3975202,AXISBANK.NS
17-12-2024,1136.25,1151.849976,1130,1145.25,7292817,AXISBANK.NS
18-12-2024,1122.25,1139.900024,1115.949951,1136.199951,7222127,AXISBANK.NS
19-12-2024,1108.900024,1119.050049,1101.050049,1104.900024,11677610,AXISBANK.NS
20-12-2024,1071.849976,1105.849976,1065,1103.949951,12623056,AXISBANK.NS
23-12-2024,1079.150024,1083.550049,1072.400024,1075.099976,3886921,AXISBANK.NS
24-12-2024,1078.900024,1084.75,1076,1077.300049,4343694,AXISBANK.NS
26-12-2024,1076.699951,1092.599976,1072.75,1083,4775460,AXISBANK.NS
27-12-2024,1077.449951,1086.25,1076,1078.099976,3801667,AXISBANK.NS
30-12-2024,1069.949951,1096.5,1063.949951,1074.099976,9452155,AXISBANK.NS
31-12-2024,1064.699951,1070.449951,1058.5,1062,5292136,AXISBANK.NS
01-01-2025,1071.800049,1076.949951,1053.949951,1064.150024,2985355,AXISBANK.NS
02-01-2025,1086.599976,1088.699951,1067.5,1072,6557076,AXISBANK.NS
03-01-2025,1084.900024,1093.5,1079.800049,1086,7357220,AXISBANK.NS
06-01-2025,1063.400024,1090,1059.900024,1087.75,5283413,AXISBANK.NS
07-01-2025,1067.5,1070.5,1056,1064.550049,4619462,AXISBANK.NS
08-01-2025,1074.949951,1082.349976,1059.099976,1063.75,8780098,AXISBANK.NS
09-01-2025,1061.75,1080.150024,1054.25,1079.599976,9054190,AXISBANK.NS
10-01-2025,1040.699951,1064.849976,1037,1056.25,5612886,AXISBANK.NS
13-01-2025,1049.300049,1063,1023.25,1026.599976,7180930,AXISBANK.NS
14-01-2025,1051.650024,1061,1045.5,1052.949951,6892897,AXISBANK.NS
15-01-2025,1026.800049,1052.900024,1014.650024,1043,11418721,AXISBANK.NS
16-01-2025,1038,1046.449951,1027.050049,1033.900024,10261727,AXISBANK.NS
17-01-2025,991.0499878,1011.700012,974.5999756,1000,33831617,AXISBANK.NS
20-01-2025,988.0499878,994.2000122,976.5,992.0499878,33440507,AXISBANK.NS
21-01-2025,970.2000122,994.4500122,963,993.5999756,11894500,AXISBANK.NS
22-01-2025,959.2999878,975.75,954,975.75,17303146,AXISBANK.NS
23-01-2025,951.0499878,963.7000122,948,954,24649522,AXISBANK.NS
24-01-2025,948.5,961.7999878,946.0999756,948,14421921,AXISBANK.NS
27-01-2025,948.0999756,949.75,933.5,943.0999756,12713296,AXISBANK.NS
28-01-2025,983.7999878,993.8499756,958.2000122,960,21781371,AXISBANK.NS
29-01-2025,983.4000244,988.6500244,977.5999756,988,11175206,AXISBANK.NS
30-01-2025,984.7000122,991.4000244,974.7999878,984.6500244,10473118,AXISBANK.NS
31-01-2025,986.0999756,990,978.0499878,982,9036312,AXISBANK.NS
01-02-2025,998.1500244,1004.950012,982,989.5,4830391,AXISBANK.NS
03-02-2025,989.4000244,1000.5,983.3499756,987.0999756,7124605,AXISBANK.NS
04-02-2025,1015.299988,1017.099976,987.7999878,994,16058171,AXISBANK.NS
05-02-2025,1013.299988,1022.049988,1010.5,1020.599976,7858373,AXISBANK.NS
06-02-2025,1020.700012,1021.849976,1010.049988,1012,5815563,AXISBANK.NS
07-02-2025,1024.099976,1027.349976,1007.650024,1019.5,8638651,AXISBANK.NS
10-02-2025,1011.75,1026.75,1006.200012,1021,3960565,AXISBANK.NS
11-02-2025,1007.400024,1016.349976,1002.599976,1009,4808215,AXISBANK.NS
12-02-2025,1006.900024,1010.650024,984,1000,7669283,AXISBANK.NS
13-02-2025,1008.200012,1017.450012,1001.049988,1003,6348246,AXISBANK.NS
14-02-2025,997.5,1016,987.6500244,1010.549988,5375755,AXISBANK.NS
17-02-2025,992.9500122,999.6500244,978.0499878,992.4500122,7166803,AXISBANK.NS
18-02-2025,994.1500244,997.3499756,986.5499878,992.9500122,3090004,AXISBANK.NS
19-02-2025,1011.349976,1013.450012,988.1500244,991.6500244,6401381,AXISBANK.NS
20-02-2025,1017.200012,1019.650024,1006.5,1008.400024,5011212,AXISBANK.NS
21-02-2025,1008.950012,1021.900024,1000.650024,1012,5019937,AXISBANK.NS
24-02-2025,1010.049988,1013,998.5499878,1001.349976,4265454,AXISBANK.NS
25-02-2025,1009.099976,1013.700012,997.0999756,1004,5708975,AXISBANK.NS
27-02-2025,1016.700012,1023.549988,1005.150024,1007.650024,9777690,AXISBANK.NS
28-02-2025,1015.549988,1035.5,1009.950012,1014.799988,15026849,AXISBANK.NS
03-03-2025,1007.25,1019.400024,992,1017.049988,6763184,AXISBANK.NS
04-03-2025,1001.799988,1011.099976,998.5999756,1001.099976,5786420,AXISBANK.NS
05-03-2025,1014.450012,1017.400024,1002.549988,1003,5133873,AXISBANK.NS
06-03-2025,1034.099976,1039.5,1015.150024,1022.599976,7861120,AXISBANK.NS
07-03-2025,1037.650024,1050.349976,1030.699951,1033.699951,7597321,AXISBANK.NS
10-03-2025,1035.849976,1050.5,1032.349976,1036,5995655,AXISBANK.NS
11-03-2025,1025.650024,1036.800049,1021.099976,1030.400024,4771085,AXISBANK.NS
12-03-2025,1011.200012,1029.800049,999.2000122,1025.199951,7504702,AXISBANK.NS
13-03-2025,1010.200012,1016,1005.099976,1015,4004140,AXISBANK.NS
17-03-2025,1034.150024,1039,1011.099976,1011.099976,5938668,AXISBANK.NS
18-03-2025,1034.150024,1034.150024,1034.150024,1034.150024,0,AXISBANK.NS
19-03-2025,1052.050049,1058.550049,1043.5,1047.800049,4822365,AXISBANK.NS
20-03-2025,1054.349976,1058.900024,1046.900024,1056.25,3742644,AXISBANK.NS
21-03-2025,1070.150024,1075.550049,1050.550049,1054.349976,6848565,AXISBANK.NS
24-03-2025,1097.849976,1104.949951,1073.699951,1082,8284863,AXISBANK.NS
25-03-2025,1118.550049,1123.5,1096.349976,1109.949951,11720528,AXISBANK.NS
26-03-2025,1096.25,1118.849976,1089.050049,1115,7127060,AXISBANK.NS
27-03-2025,1098.349976,1108,1088.099976,1092,8508917,AXISBANK.NS
28-03-2025,1102,1107,1086.5,1098.400024,4921190,AXISBANK.NS
01-04-2024,1788.739502,1815.66007,1784.544149,1793.034843,2885880,KOTAKBANK.NS
02-04-2024,1755.475952,1796.031477,1752.529109,1791.93599,6851190,KOTAKBANK.NS
03-04-2024,1729.254761,1754.776715,1727.10709,1751.580268,12683551,KOTAKBANK.NS
04-04-2024,1747.234985,1749.78212,1721.413311,1745.087315,13125292,KOTAKBANK.NS
05-04-2024,1783.195557,1785.243239,1738.194831,1747.135105,6558023,KOTAKBANK.NS
08-04-2024,1786.442017,1799.877242,1783.145581,1791.836129,2634811,KOTAKBANK.NS
09-04-2024,1778.650513,1791.036961,1773.755853,1788.389838,2373231,KOTAKBANK.NS
10-04-2024,1823.950928,1827.896676,1782.046903,1786.941563,5525818,KOTAKBANK.NS
12-04-2024,1811.065063,1816.109461,1797.37999,1809.017259,3966227,KOTAKBANK.NS
15-04-2024,1796.181396,1807.718678,1778.051243,1787.990301,4319868,KOTAKBANK.NS
16-04-2024,1790.637451,1802.624314,1773.706057,1776.05346,4096778,KOTAKBANK.NS
18-04-2024,1784.793823,1811.015084,1781.147795,1788.090259,4250740,KOTAKBANK.NS
19-04-2024,1790.687378,1803.023832,1761.069815,1762.06872,3870380,KOTAKBANK.NS
22-04-2024,1807.968384,1820.504693,1798.029326,1811.015093,6151139,KOTAKBANK.NS
23-04-2024,1811.065063,1826.997552,1801.125884,1808.018354,5956005,KOTAKBANK.NS
24-04-2024,1840.782471,1843.479466,1805.82079,1810.016143,3295077,KOTAKBANK.NS
25-04-2024,1640.651733,1695.941232,1600.246068,1663.177094,66179079,KOTAKBANK.NS
26-04-2024,1606.739014,1653.188105,1603.242845,1640.651796,22146849,KOTAKBANK.NS
29-04-2024,1638.604126,1645.446602,1607.737931,1608.337249,11227409,KOTAKBANK.NS
30-04-2024,1622.171997,1645.19681,1618.22637,1638.60406,18206448,KOTAKBANK.NS
02-05-2024,1573.924927,1592.754264,1550.700382,1588.259191,26640478,KOTAKBANK.NS
03-05-2024,1545.006592,1586.161558,1542.159736,1581.266899,16123589,KOTAKBANK.NS
06-05-2024,1622.521729,1631.212155,1592.254853,1603.24281,21608211,KOTAKBANK.NS
07-05-2024,1642.10022,1645.546394,1616.228552,1626.916788,9866785,KOTAKBANK.NS
08-05-2024,1646.545288,1655.635301,1634.3087,1638.204454,9853753,KOTAKBANK.NS
09-05-2024,1641.301025,1660.030497,1635.207728,1646.195685,4656044,KOTAKBANK.NS
10-05-2024,1626.167603,1651.290092,1614.130869,1641.201174,11769402,KOTAKBANK.NS
13-05-2024,1639.403076,1641.850467,1614.230715,1625.218672,5839248,KOTAKBANK.NS
14-05-2024,1644.497681,1648.193581,1630.71274,1640.20234,4282026,KOTAKBANK.NS
15-05-2024,1648.992676,1652.189123,1635.25773,1647.893783,5260900,KOTAKBANK.NS
16-05-2024,1670.219482,1673.166204,1645.396591,1653.1881,6998357,KOTAKBANK.NS
17-05-2024,1694.692627,1703.78264,1663.17712,1672.167266,9617451,KOTAKBANK.NS
21-05-2024,1696.390747,1713.122409,1688.149779,1690.14759,5810167,KOTAKBANK.NS
22-05-2024,1697.689331,1703.083321,1679.259457,1700.935773,6058697,KOTAKBANK.NS
23-05-2024,1707.178955,1711.723901,1695.192093,1698.138814,5681295,KOTAKBANK.NS
24-05-2024,1701.584961,1715.96922,1692.844541,1709.126744,4936177,KOTAKBANK.NS
27-05-2024,1709.126709,1720.114666,1700.636015,1701.584926,3454287,KOTAKBANK.NS
28-05-2024,1701.78479,1714.121244,1696.140952,1710.425344,3716141,KOTAKBANK.NS
29-05-2024,1686.002075,1709.026888,1680.358237,1696.140987,4952472,KOTAKBANK.NS
30-05-2024,1688.249634,1705.730475,1681.157431,1682.505929,5580489,KOTAKBANK.NS
31-05-2024,1678.560303,1701.135536,1658.732059,1701.135536,12804476,KOTAKBANK.NS
03-06-2024,1716.169067,1736.946222,1698.238647,1719.565247,9801071,KOTAKBANK.NS
04-06-2024,1636.156738,1713.621886,1600.695603,1701.385297,15229468,KOTAKBANK.NS
05-06-2024,1716.218994,1722.861738,1643.199049,1660.729884,14426318,KOTAKBANK.NS
06-06-2024,1732.800781,1736.59667,1701.934708,1719.115829,6359901,KOTAKBANK.NS
07-06-2024,1751.780029,1756.724683,1720.114783,1728.156018,4608146,KOTAKBANK.NS
10-06-2024,1743.738892,1771.508383,1734.249292,1748.183971,4848044,KOTAKBANK.NS
11-06-2024,1718.116943,1745.287116,1715.220094,1744.687797,4105647,KOTAKBANK.NS
12-06-2024,1713.871582,1732.101602,1711.024727,1718.216795,5881576,KOTAKBANK.NS
13-06-2024,1724.459961,1735.647772,1717.118032,1729.504481,6016145,KOTAKBANK.NS
14-06-2024,1715.319946,1733.000641,1708.527464,1721.113645,3153666,KOTAKBANK.NS
18-06-2024,1717.517578,1722.76183,1701.385235,1716.718405,5707330,KOTAKBANK.NS
19-06-2024,1744.787598,1761.119795,1713.122353,1727.107025,9959798,KOTAKBANK.NS
20-06-2024,1764.316284,1787.890422,1758.372847,1763.067653,9243104,KOTAKBANK.NS
21-06-2024,1773.706055,1787.041415,1743.389306,1768.062216,19031689,KOTAKBANK.NS
24-06-2024,1770.609375,1773.256376,1747.834289,1755.226211,4228888,KOTAKBANK.NS
25-06-2024,1779.949219,1796.281295,1761.069886,1774.6051,5933859,KOTAKBANK.NS
26-06-2024,1796.181396,1814.01183,1774.155488,1778.051243,6685932,KOTAKBANK.NS
27-06-2024,1828.545898,1835.987693,1783.045719,1789.03915,13342769,KOTAKBANK.NS
28-06-2024,1800.526611,1845.926804,1796.930577,1820.204995,4969007,KOTAKBANK.NS
01-07-2024,1806.120483,1811.165003,1788.040324,1800.526639,2901510,KOTAKBANK.NS
02-07-2024,1767.662598,1818.956355,1735.198179,1818.956355,9625017,KOTAKBANK.NS
03-07-2024,1808.717529,1813.861915,1750.281577,1763.866785,8981003,KOTAKBANK.NS
04-07-2024,1831.842285,1836.537213,1799.327994,1804.622118,5068893,KOTAKBANK.NS
05-07-2024,1850.671631,1855.915883,1816.459127,1818.007479,3465653,KOTAKBANK.NS
08-07-2024,1851.171021,1855.216635,1833.440454,1851.970193,3861203,KOTAKBANK.NS
09-07-2024,1845.826904,1867.952678,1827.996471,1859.162264,3920211,KOTAKBANK.NS
10-07-2024,1827.84668,1842.480665,1818.20722,1840.982308,5629789,KOTAKBANK.NS
11-07-2024,1842.480591,1849.97238,1819.555766,1828.845511,4615372,KOTAKBANK.NS
12-07-2024,1830.843384,1848.973538,1824.250634,1842.480654,4240855,KOTAKBANK.NS
15-07-2024,1841.531738,1855.866004,1824.650216,1836.986671,5909996,KOTAKBANK.NS
16-07-2024,1803.323608,1847.075583,1798.928401,1840.083247,6542702,KOTAKBANK.NS
18-07-2024,1824.75,1829.195079,1791.186811,1803.023813,7590838,KOTAKBANK.NS
19-07-2024,1821.599976,1831,1805.949951,1818.5,4138865,KOTAKBANK.NS
22-07-2024,1757.550049,1821,1748.900024,1821,10742361,KOTAKBANK.NS
23-07-2024,1768.900024,1780.5,1739.150024,1769,6155196,KOTAKBANK.NS
24-07-2024,1746.199951,1780.900024,1729.050049,1767.949951,7487207,KOTAKBANK.NS
25-07-2024,1775.150024,1779,1732,1732,3096397,KOTAKBANK.NS
26-07-2024,1813.849976,1829.849976,1758.099976,1758.099976,5309351,KOTAKBANK.NS
29-07-2024,1793.900024,1827,1783.5,1824.699951,8006367,KOTAKBANK.NS
30-07-2024,1786.099976,1806.650024,1781.300049,1793.900024,5679537,KOTAKBANK.NS
31-07-2024,1807.900024,1816,1773.150024,1793,5806257,KOTAKBANK.NS
01-08-2024,1792.650024,1818.25,1786.25,1807.099976,3816044,KOTAKBANK.NS
02-08-2024,1803.449951,1810,1775,1781.099976,3242589,KOTAKBANK.NS
05-08-2024,1773.650024,1805.599976,1768.550049,1770.199951,4911818,KOTAKBANK.NS
06-08-2024,1770.550049,1792.199951,1760,1785,3924022,KOTAKBANK.NS
07-08-2024,1776.550049,1786.599976,1760.050049,1785,3537745,KOTAKBANK.NS
08-08-2024,1772.75,1781.800049,1762.650024,1766.650024,2472221,KOTAKBANK.NS
09-08-2024,1769.650024,1785.449951,1765,1785.050049,2464443,KOTAKBANK.NS
12-08-2024,1772.550049,1791.050049,1751.25,1761,4544443,KOTAKBANK.NS
13-08-2024,1752.050049,1791.5,1746.099976,1763,3530319,KOTAKBANK.NS
14-08-2024,1747.900024,1760,1744.550049,1755,2585649,KOTAKBANK.NS
16-08-2024,1777.300049,1785.75,1746,1762,2961871,KOTAKBANK.NS
19-08-2024,1781.349976,1790,1771,1780.550049,2172279,KOTAKBANK.NS
20-08-2024,1805.650024,1813.050049,1776.25,1783,3115486,KOTAKBANK.NS
21-08-2024,1812.949951,1817,1787.349976,1800,5717190,KOTAKBANK.NS
22-08-2024,1821.5,1824.300049,1805.800049,1814,3217988,KOTAKBANK.NS
23-08-2024,1818,1827.900024,1812.699951,1821.5,1815186,KOTAKBANK.NS
26-08-2024,1812.5,1822.949951,1809.699951,1820,2356257,KOTAKBANK.NS
27-08-2024,1803.349976,1813.099976,1791.699951,1811.050049,4541696,KOTAKBANK.NS
28-08-2024,1791.300049,1805.900024,1785.849976,1796,4280796,KOTAKBANK.NS
29-08-2024,1777.25,1798.5,1773,1783.25,5531158,KOTAKBANK.NS
30-08-2024,1780.800049,1790,1774.349976,1777.300049,7458172,KOTAKBANK.NS
02-09-2024,1780.25,1793.449951,1772.699951,1782,4048520,KOTAKBANK.NS
03-09-2024,1783.800049,1786.449951,1772.349976,1780.050049,5196273,KOTAKBANK.NS
04-09-2024,1783.800049,1788.300049,1763.5,1770,3192443,KOTAKBANK.NS
05-09-2024,1777.949951,1786.349976,1760,1781.25,3573005,KOTAKBANK.NS
06-09-2024,1764.150024,1781.949951,1756.5,1767.550049,3254880,KOTAKBANK.NS
09-09-2024,1790.150024,1793.949951,1758.449951,1767.699951,3436461,KOTAKBANK.NS
10-09-2024,1791.599976,1799.650024,1778.050049,1798,3497612,KOTAKBANK.NS
11-09-2024,1789.25,1805.449951,1785,1795,3733872,KOTAKBANK.NS
12-09-2024,1827.449951,1834.150024,1795.150024,1803.900024,6365508,KOTAKBANK.NS
13-09-2024,1820.349976,1837,1816.75,1837,2056720,KOTAKBANK.NS
16-09-2024,1831.300049,1845.699951,1828.300049,1833,2730634,KOTAKBANK.NS
17-09-2024,1846.650024,1853.400024,1830.650024,1839.400024,3674862,KOTAKBANK.NS
18-09-2024,1839.699951,1859.449951,1835.599976,1850,6877499,KOTAKBANK.NS
19-09-2024,1871.949951,1875,1845.099976,1849.900024,2892430,KOTAKBANK.NS
20-09-2024,1904.5,1926.300049,1870,1874,18849579,KOTAKBANK.NS
23-09-2024,1934.699951,1942,1908.199951,1914.949951,3686272,KOTAKBANK.NS
24-09-2024,1914.699951,1938.599976,1909.599976,1935,3709386,KOTAKBANK.NS
25-09-2024,1897.949951,1922.699951,1894.300049,1910.050049,3307467,KOTAKBANK.NS
26-09-2024,1902.300049,1913.300049,1884.300049,1895,4204513,KOTAKBANK.NS
27-09-2024,1872.449951,1910,1866.300049,1900,6643112,KOTAKBANK.NS
30-09-2024,1853.949951,1884.449951,1843.099976,1856.699951,3246840,KOTAKBANK.NS
01-10-2024,1879.400024,1884.75,1847,1847,4871526,KOTAKBANK.NS
03-10-2024,1822.800049,1863.650024,1815.800049,1857.900024,6363232,KOTAKBANK.NS
04-10-2024,1809,1850,1798.349976,1815.5,3734632,KOTAKBANK.NS
07-10-2024,1790.25,1836.400024,1769.400024,1810,7446633,KOTAKBANK.NS
08-10-2024,1803.400024,1814,1781.849976,1800,5097103,KOTAKBANK.NS
09-10-2024,1800.800049,1820,1789.900024,1801,7078802,KOTAKBANK.NS
10-10-2024,1876.099976,1884,1805.300049,1809.900024,5905798,KOTAKBANK.NS
11-10-2024,1882.400024,1893.599976,1861.150024,1872.199951,5211580,KOTAKBANK.NS
14-10-2024,1910.800049,1916,1882.449951,1885.050049,4391138,KOTAKBANK.NS
15-10-2024,1895.199951,1915.349976,1887.449951,1912.199951,4295493,KOTAKBANK.NS
16-10-2024,1876.349976,1892.449951,1868.150024,1884,3145556,KOTAKBANK.NS
17-10-2024,1864.050049,1878.300049,1851.300049,1876.349976,3541432,KOTAKBANK.NS
18-10-2024,1871.050049,1878.5,1848,1868,3834767,KOTAKBANK.NS
21-10-2024,1789.199951,1855,1735,1850,13178137,KOTAKBANK.NS
22-10-2024,1763.150024,1795.5,1758.849976,1791.949951,5494382,KOTAKBANK.NS
23-10-2024,1767.800049,1787.050049,1758.099976,1761.150024,2836137,KOTAKBANK.NS
24-10-2024,1762.199951,1772.75,1750.300049,1766,2316820,KOTAKBANK.NS
25-10-2024,1768.849976,1786.5,1757,1765,2829227,KOTAKBANK.NS
28-10-2024,1749.849976,1780.650024,1745.050049,1768,3302148,KOTAKBANK.NS
29-10-2024,1760.199951,1767.150024,1730.699951,1743.5,4158119,KOTAKBANK.NS
30-10-2024,1734.599976,1760,1726.599976,1727,4385949,KOTAKBANK.NS
31-10-2024,1731.099976,1746.599976,1723.949951,1727.349976,2944670,KOTAKBANK.NS
01-11-2024,1744.400024,1754.150024,1736.349976,1739.599976,182489,KOTAKBANK.NS
04-11-2024,1729.349976,1744,1724.25,1744,2884830,KOTAKBANK.NS
05-11-2024,1757.150024,1760.5,1711,1721.5,4028615,KOTAKBANK.NS
06-11-2024,1762.599976,1768.449951,1746.599976,1760.099976,3652252,KOTAKBANK.NS
07-11-2024,1746.900024,1765,1733,1763,3060984,KOTAKBANK.NS
08-11-2024,1745.800049,1764.099976,1738.900024,1745,3646825,KOTAKBANK.NS
11-11-2024,1744,1763.300049,1737.199951,1745,3205030,KOTAKBANK.NS
12-11-2024,1721.400024,1749.400024,1715.199951,1744.800049,3228390,KOTAKBANK.NS
13-11-2024,1687.849976,1728.150024,1679.050049,1714,3593490,KOTAKBANK.NS
14-11-2024,1707.900024,1712.599976,1689.800049,1690,3327758,KOTAKBANK.NS
18-11-2024,1722.75,1728.25,1699.699951,1714,2082415,KOTAKBANK.NS
19-11-2024,1727.75,1739.800049,1713.5,1729.800049,2759663,KOTAKBANK.NS
21-11-2024,1737.099976,1740.75,1703.75,1715.099976,3294059,KOTAKBANK.NS
22-11-2024,1761.449951,1772.199951,1732.900024,1734,3553726,KOTAKBANK.NS
25-11-2024,1790.75,1794.599976,1766.900024,1782,6871432,KOTAKBANK.NS
26-11-2024,1783.599976,1795.949951,1775,1795,2312739,KOTAKBANK.NS
27-11-2024,1783.199951,1805.5,1779.099976,1780.949951,3202444,KOTAKBANK.NS
28-11-2024,1759.199951,1788.900024,1753.5,1783.25,3971395,KOTAKBANK.NS
29-11-2024,1765.25,1773.599976,1757,1757,2987994,KOTAKBANK.NS
02-12-2024,1753.949951,1772.599976,1746,1765,4265280,KOTAKBANK.NS
03-12-2024,1749.900024,1761.199951,1740,1760,3971650,KOTAKBANK.NS
04-12-2024,1757.5,1767,1746.400024,1752,3186786,KOTAKBANK.NS
05-12-2024,1775.150024,1788.650024,1748,1764,5697229,KOTAKBANK.NS
06-12-2024,1776.949951,1785.050049,1761,1773.900024,2595882,KOTAKBANK.NS
09-12-2024,1786.25,1804.949951,1768.099976,1768.099976,2554023,KOTAKBANK.NS
10-12-2024,1794.699951,1802.800049,1783.25,1783.25,1979884,KOTAKBANK.NS
11-12-2024,1794.699951,1806.800049,1789.949951,1796,2393428,KOTAKBANK.NS
12-12-2024,1768.699951,1796.449951,1765.349976,1790,3488259,KOTAKBANK.NS
13-12-2024,1805.650024,1809,1748.050049,1758.349976,3893531,KOTAKBANK.NS
16-12-2024,1804.449951,1813,1793.849976,1803,2989393,KOTAKBANK.NS
17-12-2024,1784.050049,1806.849976,1775,1796.099976,3592861,KOTAKBANK.NS
18-12-2024,1780,1786.699951,1770.349976,1782,3529430,KOTAKBANK.NS
19-12-2024,1762.099976,1768,1745.400024,1763.449951,4074080,KOTAKBANK.NS
20-12-2024,1743.550049,1768.849976,1733.349976,1755,14685688,KOTAKBANK.NS
23-12-2024,1745.349976,1764.199951,1740,1747.5,2748036,KOTAKBANK.NS
24-12-2024,1749.050049,1754.650024,1738.050049,1742.550049,2712625,KOTAKBANK.NS
26-12-2024,1752.800049,1769.449951,1742.050049,1756.800049,1132006,KOTAKBANK.NS
27-12-2024,1759.900024,1777.199951,1754,1760,2448271,KOTAKBANK.NS
30-12-2024,1740.699951,1781,1733.5,1765,5502772,KOTAKBANK.NS
31-12-2024,1786.050049,1796.599976,1735.050049,1735.050049,4731698,KOTAKBANK.NS
01-01-2025,1788.400024,1796.75,1777,1779.25,1484828,KOTAKBANK.NS
02-01-2025,1837.150024,1840.199951,1796.900024,1800,5096987,KOTAKBANK.NS
03-01-2025,1838.650024,1853,1817.099976,1851,4277149,KOTAKBANK.NS
06-01-2025,1779.650024,1825,1772.900024,1821,3992395,KOTAKBANK.NS
07-01-2025,1772.050049,1797.449951,1769.900024,1787,4399938,KOTAKBANK.NS
08-01-2025,1768.650024,1784.699951,1762.449951,1780.099976,4364679,KOTAKBANK.NS
09-01-2025,1790.199951,1808.699951,1774,1774,5469827,KOTAKBANK.NS
10-01-2025,1756.199951,1789.650024,1753.349976,1784.199951,3502618,KOTAKBANK.NS
13-01-2025,1738.400024,1744.550049,1723.75,1732.900024,3092388,KOTAKBANK.NS
14-01-2025,1750.599976,1768.849976,1729.599976,1749.599976,4948961,KOTAKBANK.NS
15-01-2025,1789.599976,1795,1760.099976,1760.099976,3509861,KOTAKBANK.NS
16-01-2025,1805.550049,1814.949951,1785.349976,1795.800049,4451534,KOTAKBANK.NS
17-01-2025,1758.599976,1805.5,1748.300049,1797,3521728,KOTAKBANK.NS
20-01-2025,1920.5,1929.900024,1866,1890,13324315,KOTAKBANK.NS
21-01-2025,1893.300049,1920.949951,1891,1920.949951,4415663,KOTAKBANK.NS
22-01-2025,1917.5,1920.5,1887.050049,1899,4176669,KOTAKBANK.NS
23-01-2025,1894.849976,1923.949951,1892.099976,1907.099976,3161159,KOTAKBANK.NS
24-01-2025,1886.199951,1918.5,1873.050049,1891,4025366,KOTAKBANK.NS
27-01-2025,1881.400024,1898.800049,1862.75,1875,1928503,KOTAKBANK.NS
28-01-2025,1887.75,1905,1870.800049,1895,5157384,KOTAKBANK.NS
29-01-2025,1920.349976,1924.699951,1885,1887.800049,2351631,KOTAKBANK.NS
30-01-2025,1901.5,1938.099976,1877.449951,1920.349976,4239181,KOTAKBANK.NS
31-01-2025,1901.300049,1908.949951,1889.599976,1903.050049,2333229,KOTAKBANK.NS
01-02-2025,1903.099976,1917.150024,1871.599976,1899,1096357,KOTAKBANK.NS
03-02-2025,1884.5,1903.800049,1881.550049,1893.599976,3319808,KOTAKBANK.NS
04-02-2025,1928.5,1941.199951,1877.199951,1891.050049,5332618,KOTAKBANK.NS
05-02-2025,1911.75,1938.949951,1902.349976,1937.800049,3427385,KOTAKBANK.NS
06-02-2025,1915.949951,1920,1896.449951,1917,3193971,KOTAKBANK.NS
07-02-2025,1929.25,1960.599976,1907.900024,1921,4414174,KOTAKBANK.NS
10-02-2025,1960.150024,1965,1923.550049,1935.300049,3569373,KOTAKBANK.NS
11-02-2025,1918.599976,1970.5,1906.599976,1964.599976,3506682,KOTAKBANK.NS
12-02-2025,1943.949951,1949,1904.949951,1923.449951,3219004,KOTAKBANK.NS
13-02-2025,1972.800049,1992.800049,1960.550049,1963,12678373,KOTAKBANK.NS
14-02-2025,1952.400024,1974,1933.349976,1974,2610048,KOTAKBANK.NS
17-02-2025,1945.300049,1963.949951,1932.650024,1955,2300119,KOTAKBANK.NS
18-02-2025,1963.349976,1966,1939.150024,1942.050049,4344125,KOTAKBANK.NS
19-02-2025,1985,1994.900024,1962,1963.949951,3914165,KOTAKBANK.NS
20-02-2025,1970.550049,1982.349976,1960,1982.300049,4724372,KOTAKBANK.NS
21-02-2025,1953.050049,1978.349976,1934.5,1970.550049,4008552,KOTAKBANK.NS
24-02-2025,1966.099976,1970,1933.550049,1938.300049,2218081,KOTAKBANK.NS
25-02-2025,1967.25,1979.550049,1958.599976,1969,4019894,KOTAKBANK.NS
27-02-2025,1947.550049,1975,1939.900024,1972,3708068,KOTAKBANK.NS
28-02-2025,1902.949951,1937.050049,1893.900024,1937.050049,6970315,KOTAKBANK.NS
03-03-2025,1914.599976,1923.650024,1895.199951,1905.550049,2607790,KOTAKBANK.NS
04-03-2025,1907.800049,1916,1896.75,1901.150024,3172050,KOTAKBANK.NS
05-03-2025,1933.099976,1953.650024,1895.400024,1903.099976,3811688,KOTAKBANK.NS
06-03-2025,1921.699951,1944.949951,1909.849976,1944,5193093,KOTAKBANK.NS
07-03-2025,1935.400024,1940.599976,1910.050049,1917,2780338,KOTAKBANK.NS
10-03-2025,1921.75,1940.050049,1916.349976,1932.5,2228534,KOTAKBANK.NS
11-03-2025,1935.199951,1944,1904.449951,1923,3207052,KOTAKBANK.NS
12-03-2025,1982.550049,1997.699951,1938,1940,6704494,KOTAKBANK.NS
13-03-2025,1985.099976,1993.349976,1969.550049,1975.699951,4925794,KOTAKBANK.NS
17-03-2025,1993.099976,1998.849976,1974.25,1980.099976,3170929,KOTAKBANK.NS
18-03-2025,1993.099976,1993.099976,1993.099976,1993.099976,0,KOTAKBANK.NS
19-03-2025,2021.550049,2051,2017.25,2039.25,5338288,KOTAKBANK.NS
20-03-2025,2035.650024,2038.900024,2016.5,2031,2683306,KOTAKBANK.NS
21-03-2025,2079,2097.600098,2035,2040,18850808,KOTAKBANK.NS
24-03-2025,2176.149902,2184.25,2090.25,2100,8508351,KOTAKBANK.NS
25-03-2025,2170,2202.5,2160,2179.899902,7342433,KOTAKBANK.NS
26-03-2025,2144.899902,2176,2129.899902,2175,3016916,KOTAKBANK.NS
27-03-2025,2128.649902,2151.399902,2111.850098,2144,9421224,KOTAKBANK.NS
28-03-2025,2171.199951,2179.899902,2139,2139.300049,3672253,KOTAKBANK.NS
